#,"Total Backlinks","Domain Rating","URL Rating (desc)","Referring Domains","Referring Page URL","Referring Page Title","Internal Links Count","External Links Count","Link URL",TextPre,"Link Anchor",TextPost,Type,"Backlink Status","First Seen","Last Check","Day Lost",Language,Traffic,Keywords,"Js rendered","Linked Domains"
1,9328,56,48,551,https://www.smclinic.ru/,"Медицинский центр «СМ Клиника» — частная семейная клиника в Москве",196,108,https://www.sm-plastica.ru/,,"Пластическая хирургия",,Dofollow,,"2019-07-05 14:04:29","2020-06-16 02:15:15",,,15451,1219,,17
2,916,30,35,127,https://www.sm-estetica.ru/,"Центр эстетической, терапевтической, лазерной косметологии в Москве | Медицинский центр красоты «СМ-Косметология»",30,18,https://www.sm-plastica.ru/,,"Пластическая хирургия",,Nofollow,,"2019-03-11 00:34:54","2020-06-15 06:01:09",,ru,261,38,,15
3,176,28,33,117,https://www.doctor03.ru/,"Скорая помощь в Москве: вызвать платную скорую медицинскую помощь",47,18,https://www.sm-plastica.ru/,,"Пластическая хирургия",,Dofollow,,"2019-11-22 11:06:29","2020-06-16 07:03:33",,ru,23,38,,13
4,382,38,32,91,https://www.sm-eko.ru/,"Центр репродуктивного здоровья ЭКО - Клиника ЭКО в Москве",90,20,https://www.sm-plastica.ru/,,"Пластическая хирургия",,Dofollow,,"2019-06-01 01:14:18","2020-06-16 07:54:56",,ru,18,59,,15
5,1252,33,31,80,https://centr-hirurgii.ru/surgery/centr-andrologii/udlinenie-polovogo-chlena/,"Лигаментотомия пениса, цена операции в Москве | Хирургическое удлинение полового члена в клинике",86,15,https://www.sm-plastica.ru/,,"Пластическая хирургия",,Dofollow,,"2019-03-12 02:24:32","2020-06-14 07:49:56",,ru,4.2,32,,13
6,373,29,31,111,https://www.sm-stomatology.ru/,"«СМ-Стоматология» - сеть стоматологических клиник | Платная стоматология в Москве | Зубная клиника",67,24,https://www.sm-plastica.ru/,"Детские клиники Центр хирургии","Пластическая хирургия","Центр ЭКО Онкологический центр",Dofollow,,"2019-03-19 05:39:02","2020-06-16 05:25:40",,ru,8057,313,,15
7,6,33,28,93,https://centr-hirurgii.ru/,"Клиника хирургии – частная хирургическая больница в Москве «СМ-Клиника»| Платное отделение хирургии круглосуточно",99,21,https://www.sm-plastica.ru/experts/khristenko-anna-ivanovna/,,"Христенко Анна Ивановна Христенко Анна Ивановна",,"Dofollow, Image",,"2019-10-29 03:59:11","2020-05-10 19:58:54",,ru,19,36,,13
8,6,33,28,93,https://centr-hirurgii.ru/,"Клиника хирургии – частная хирургическая больница в Москве «СМ-Клиника»| Платное отделение хирургии круглосуточно",99,21,https://www.sm-plastica.ru/experts/li-aleksandr-gennadevich/,,"Ли Александр Геннадьевич Ли Александр Геннадьевич",,"Dofollow, Image",,"2019-03-24 09:15:45","2020-05-10 19:58:54",,ru,19,36,,13
9,263,28,27,117,https://www.oncology-centr.ru/,"Онкологический центр «СМ-Клиника» в Москве | Частная онкологическая больница | Лечение рака в онкологической клинике в Москве",51,25,https://www.sm-plastica.ru/,"Детские клиники Центр хирургии","Пластическая хирургия","Стоматология Центр ЭКО",Dofollow,,"2019-05-08 17:45:14","2020-06-16 09:18:49",,ru,136,141,,18
10,361,13,26,106,https://www.smclinic-ryazan.ru/,"«СМ-Клиника» — платный многопрофильный медицинский центр в Рязани | Частная мед клиника - консультативно диагностический центр",47,17,https://www.sm-plastica.ru/,,"Пластическая хирургия",,Dofollow,,"2019-05-10 00:58:09","2020-06-16 04:02:29",,ru,489,208,,14
11,290,73,22,26,https://medportal.ru/enc/procreation/livingpregnant/13/,"Беременность и вождение автомобиля. Беременность и роды",202,17,http://sm-plastica.ru/?utm_source=medportal&utm_medium=cpc&utm_campaign=rubrikator,,"Операций любого уровня сложности,стационар, собственная база для реабилитации",,Nofollow,,"2019-10-17 17:41:40","2020-06-16 06:43:57",,ru,1.2,19,,11
12,1,56,21,25,https://www.smclinic.ru/clinics/,"Клиники Москвы - Адреса платные медицинские клиники (центры) взрослых и детей «СМ-Клиника»",89,47,https://www.sm-plastica.ru/stock/aktsiya-besplatnaya-onlayn-konsultatsiya-plasticheskogo-khirurga/,,"Мнение пластического хирурга онлайн - бесплатно! Подробнее>>>",,Dofollow,,"2020-04-28 23:46:08","2020-06-16 08:46:03",,ru,3621,217,,17
13,56,56,18,13,https://www.smclinic.ru/doctors/plasticheskiy-khirurg.html,"Пластический хирург - цена, запись на прием и консультацию врача пластического хирурга в «СМ-Клиника»",83,62,https://sm-plastica.ru/,,,,Dofollow,,"2019-09-08 19:31:55","2020-06-15 15:05:47",,ru,277,214,,14
14,21,56,18,13,https://www.smclinic.ru/doctors/plasticheskiy-khirurg.html,"Пластический хирург - цена, запись на прием и консультацию врача пластического хирурга в «СМ-Клиника»",83,62,http://sm-plastica.ru/experts/pakhilin-dmitriy-viktorovich/,,"Пахилин Дмитрий Викторович",,Dofollow,,"2019-07-07 10:35:40","2020-06-15 15:05:47",,ru,277,214,,14
15,17,56,18,13,https://www.smclinic.ru/doctors/plasticheskiy-khirurg.html,"Пластический хирург - цена, запись на прием и консультацию врача пластического хирурга в «СМ-Клиника»",83,62,http://sm-plastica.ru/experts/sizov-sergey-vladimirovich/,,"Сизов Сергей Владимирович",,Dofollow,,"2019-07-07 10:35:40","2020-06-15 15:05:47",,ru,277,214,,14
16,16,56,18,13,https://www.smclinic.ru/doctors/plasticheskiy-khirurg.html,"Пластический хирург - цена, запись на прием и консультацию врача пластического хирурга в «СМ-Клиника»",83,62,http://sm-plastica.ru/experts/li-aleksandr-gennadevich/,,"Ли Александр Геннадьевич",,Dofollow,,"2019-07-07 10:35:40","2020-06-15 15:05:47",,ru,277,214,,14
17,16,56,18,13,https://www.smclinic.ru/doctors/plasticheskiy-khirurg.html,"Пластический хирург - цена, запись на прием и консультацию врача пластического хирурга в «СМ-Клиника»",83,62,http://sm-plastica.ru/experts/shchepelin-mikhail-andreevich/,,"Щепелин Михаил Андреевич",,Dofollow,,"2019-07-07 10:35:40","2020-06-15 15:05:47",,ru,277,214,,14
18,12,56,18,13,https://www.smclinic.ru/doctors/plasticheskiy-khirurg.html,"Пластический хирург - цена, запись на прием и консультацию врача пластического хирурга в «СМ-Клиника»",83,62,http://sm-plastica.ru/experts/khristenko-anna-ivanovna/,,"Христенко Анна Ивановна",,Dofollow,,"2020-03-12 05:18:25","2020-06-15 15:05:47",,ru,277,214,,14
19,8,56,18,13,https://www.smclinic.ru/doctors/plasticheskiy-khirurg.html,"Пластический хирург - цена, запись на прием и консультацию врача пластического хирурга в «СМ-Клиника»",83,62,https://www.sm-plastica.ru/experts/malyaev-aleksey-aleksandrovich/,,"Маляев Алексей Александрович",,Dofollow,,"2019-07-07 10:35:40","2020-06-15 15:05:47",,ru,277,214,,14
20,4,56,18,13,https://www.smclinic.ru/doctors/plasticheskiy-khirurg.html,"Пластический хирург - цена, запись на прием и консультацию врача пластического хирурга в «СМ-Клиника»",83,62,https://www.sm-plastica.ru/services/liiposaktsiya/liposaktsiya-zhivota/,,Липосакция,,Dofollow,,"2019-08-19 21:47:07","2020-06-15 15:05:47",,ru,277,214,,14
21,3,56,18,13,https://www.smclinic.ru/doctors/plasticheskiy-khirurg.html,"Пластический хирург - цена, запись на прием и консультацию врача пластического хирурга в «СМ-Клиника»",83,62,https://sm-plastica.ru/services/plastika-tela/lipofiling/,,Липофилинг,,Dofollow,,"2019-08-19 21:47:07","2020-06-15 15:05:47",,ru,277,214,,14
22,3,56,18,13,https://www.smclinic.ru/doctors/plasticheskiy-khirurg.html,"Пластический хирург - цена, запись на прием и консультацию врача пластического хирурга в «СМ-Клиника»",83,62,https://sm-plastica.ru/services/plastika-tela/plastika-zhivota-abdominoplastika/,,"Пластика живота (абдоминопластика)",,Dofollow,,"2019-08-19 21:47:07","2020-06-15 15:05:47",,ru,277,214,,14
23,3,56,18,13,https://www.smclinic.ru/doctors/plasticheskiy-khirurg.html,"Пластический хирург - цена, запись на прием и консультацию врача пластического хирурга в «СМ-Клиника»",83,62,https://sm-plastica.ru/services/plastika-tela/podtyazhka-beder-femoroplastika/,,"Подтяжка бедер",,Dofollow,,"2019-08-19 21:47:07","2020-06-15 15:05:47",,ru,277,214,,14
24,3,56,18,13,https://www.smclinic.ru/doctors/plasticheskiy-khirurg.html,"Пластический хирург - цена, запись на прием и консультацию врача пластического хирурга в «СМ-Клиника»",83,62,https://sm-plastica.ru/services/plastika-tela/uvelichenie-yagodits-glyuteoplastika/,,"Пластика ягодиц (глютеопластика)",,Dofollow,,"2019-08-19 21:47:07","2020-06-15 15:05:47",,ru,277,214,,14
25,3,56,18,13,https://www.smclinic.ru/doctors/plasticheskiy-khirurg.html,"Пластический хирург - цена, запись на прием и консультацию врача пластического хирурга в «СМ-Клиника»",83,62,https://sm-plastica.ru/services/plastika-ushey-otoplastika/,,"Пластика ушей (отопластика)",,Dofollow,,"2019-08-31 20:10:55","2020-06-15 15:05:47",,ru,277,214,,14
26,3,56,18,13,https://www.smclinic.ru/doctors/plasticheskiy-khirurg.html,"Пластический хирург - цена, запись на прием и консультацию врача пластического хирурга в «СМ-Клиника»",83,62,https://sm-plastica.ru/services/plastika-vek-blefaroplastika/,,"Пластика век (блефаропластика)",,Dofollow,,"2019-07-30 11:32:05","2020-06-15 15:05:47",,ru,277,214,,14
27,2,56,18,13,https://www.smclinic.ru/doctors/plasticheskiy-khirurg.html,"Пластический хирург - цена, запись на прием и консультацию врача пластического хирурга в «СМ-Клиника»",83,62,https://sm-plastica.ru/services/plastika-grudi/,,"Восстанавливающая маммопластика (восстановление поврежденной или удаленной молочной железы)",,Dofollow,,"2019-08-19 21:47:07","2020-06-15 15:05:47",,ru,277,214,,14
28,2,56,18,13,https://www.smclinic.ru/doctors/plasticheskiy-khirurg.html,"Пластический хирург - цена, запись на прием и консультацию врача пластического хирурга в «СМ-Клиника»",83,62,https://sm-plastica.ru/services/plastika-grudi/podtyazhka-grudi-mastopeksiya/,,"Увеличение груди с помощью эндопротезов (эндопротезирование)",,Dofollow,,"2019-08-31 20:10:55","2020-06-15 15:05:47",,ru,277,214,,14
29,2,56,18,13,https://www.smclinic.ru/doctors/plasticheskiy-khirurg.html,"Пластический хирург - цена, запись на прием и консультацию врача пластического хирурга в «СМ-Клиника»",83,62,https://sm-plastica.ru/services/plastika-litsa-i-shei/plastika-nosa-rinoplastika/,,"Пластика носа (ринопластика)",,Dofollow,,"2019-09-08 19:31:55","2020-06-15 15:05:47",,ru,277,214,,14
30,2,56,18,13,https://www.smclinic.ru/doctors/plasticheskiy-khirurg.html,"Пластический хирург - цена, запись на прием и консультацию врача пластического хирурга в «СМ-Клиника»",83,62,https://sm-plastica.ru/services/podtyazhka-litsa-feyslifting/,,"Подтяжка лица",,Dofollow,,"2019-08-19 21:47:07","2020-06-15 15:05:47",,ru,277,214,,14
31,1,56,18,13,https://www.smclinic.ru/doctors/plasticheskiy-khirurg.html,"Пластический хирург - цена, запись на прием и консультацию врача пластического хирурга в «СМ-Клиника»",83,62,https://sm-plastica.ru/experts/li-aleksandr-gennadevich/,,Ли,,"Dofollow, Image",,"2019-07-07 10:35:40","2020-06-15 15:05:47",,ru,277,214,,14
32,1,56,18,13,https://www.smclinic.ru/doctors/plasticheskiy-khirurg.html,"Пластический хирург - цена, запись на прием и консультацию врача пластического хирурга в «СМ-Клиника»",83,62,https://sm-plastica.ru/experts/shchepelin-mikhail-andreevich/,,Щепелин,,"Dofollow, Image",,"2019-08-05 21:13:06","2020-06-15 15:05:47",,ru,277,214,,14
33,1,56,18,13,https://www.smclinic.ru/doctors/plasticheskiy-khirurg.html,"Пластический хирург - цена, запись на прием и консультацию врача пластического хирурга в «СМ-Клиника»",83,62,https://www.sm-plastica.ru/experts/goncharova-ilyana-aleksandrovna/,,"Гончарова Иляна Александровна",,Dofollow,,"2020-05-26 06:23:42","2020-06-15 15:05:47",,ru,277,214,,14
34,1,56,18,13,https://www.smclinic.ru/doctors/plasticheskiy-khirurg.html,"Пластический хирург - цена, запись на прием и консультацию врача пластического хирурга в «СМ-Клиника»",83,62,https://www.sm-plastica.ru/experts/nozhin-sergey-yurevich/,,"Ножин Сергей Юрьевич",,Dofollow,,"2019-10-29 18:56:42","2020-06-15 15:05:47",,ru,277,214,,14
35,1,56,18,13,https://www.smclinic.ru/doctors/plasticheskiy-khirurg.html,"Пластический хирург - цена, запись на прием и консультацию врача пластического хирурга в «СМ-Клиника»",83,62,https://www.sm-plastica.ru/experts/senchikhina-oksana-alekseevna/,,"Сенчихина Оксана Алексеевна",,Dofollow,,"2020-04-08 15:44:52","2020-06-15 15:05:47",,ru,277,214,,14
36,1,56,18,13,https://www.smclinic.ru/doctors/plasticheskiy-khirurg.html,"Пластический хирург - цена, запись на прием и консультацию врача пластического хирурга в «СМ-Клиника»",83,62,https://www.sm-plastica.ru/experts/strazhnikov-ruslan-andreevich/,,"Стражников Руслан Андреевич",,Dofollow,,"2019-10-29 18:56:42","2020-06-15 15:05:47",,ru,277,214,,14
37,1,56,16,11,https://www.smclinic.ru/doctors/otolaringolog-lor.html,"Отоларинголог (ЛОР) - цена, запись на прием и консультацию ЛОР врача, вызов на дом в «СМ-Клиника»",197,48,https://www.sm-plastica.ru/services/plastika-nosa-rinoplastika/,"Возможно Вам будет интересно:","пластика носа в Москве",.,Dofollow,,"2019-07-09 05:55:44","2020-06-14 13:06:00",,ru,699,565,,15
38,1,93,14,1,https://yandex.ru/profile/1762430429,Яндекс,16,1,https://www.sm-plastica.ru/,,sm-plastica.ru,,Dofollow,,"2020-02-21 14:47:48","2020-02-21 14:47:48",,ru,2.2,1,,1
39,396,13,14,10,https://smclinic-sol.ru/,"«СМ-Клиника» — платный многопрофильный медицинский центр в Солнечногорске | Частная мед клиника - консультативно диагностический центр",57,20,https://www.sm-plastica.ru/,,"Пластическая хирургия",,Dofollow,,"2019-12-27 19:08:01","2020-06-16 06:47:31",,ru,48,16,,14
40,3,90,13,1,http://link.2gis.ru/1.2/8CA4E3C0/webapi/20190301/project32/70000001025348005/maps.ngs.ru/6wckld56p4G2311302I4GGGGkq8tfr44G6G7893H4H215J22ovvgA9782J128G3G739J4J1Jr7Afuv58341512657A7H1J52H8c?http://sm-plastica.ru,,0,3,http://sm-plastica.ru/,,перейти,.,"Dofollow, Content",,"2019-04-28 17:23:34","2020-02-10 11:45:13",,,0,0,,1
41,1,56,13,6,https://www.smclinic.ru/about/,"О холдинге «СМ-Клиника»",63,23,https://www.sm-plastica.ru/,"уникальные хирургические операции, работают терапевтический и хирургический стационары. Представлены направления","пластической хирургии",", косметологии и стоматологии . Работает служба скорой медицинской помощи","Dofollow, Content",,"2019-07-08 17:36:27","2020-06-14 07:55:42",,ru,3.6,6,,16
42,4,33,13,6,https://centr-hirurgii.ru/doctors/,"Хирурги: цены на платный прием врача-хирурга ǀ Лучшие врачи хирурги Москвы в центре СМ-Клиника",192,25,https://www.sm-plastica.ru/experts/nozhin-sergey-yurevich/,,"Ножин Сергей Юрьевич Ножин Сергей Юрьевич",,"Dofollow, Image",,"2020-02-08 05:40:55","2020-06-13 14:35:21",,ru,1.3,4,,13
43,4,33,13,6,https://centr-hirurgii.ru/doctors/,"Хирурги: цены на платный прием врача-хирурга ǀ Лучшие врачи хирурги Москвы в центре СМ-Клиника",192,25,https://www.sm-plastica.ru/experts/pakhilin-dmitriy-viktorovich/,,"Пахилин Дмитрий Викторович Пахилин Дмитрий Викторович",,"Dofollow, Image",,"2019-03-25 13:56:45","2020-06-13 14:35:21",,ru,1.3,4,,13
44,4,33,13,6,https://centr-hirurgii.ru/doctors/,"Хирурги: цены на платный прием врача-хирурга ǀ Лучшие врачи хирурги Москвы в центре СМ-Клиника",192,25,https://www.sm-plastica.ru/experts/shchepelin-mikhail-andreevich/,,"Щепелин Михаил Андреевич Щепелин Михаил Андреевич",,"Dofollow, Image",,"2019-03-10 02:26:00","2020-06-13 14:35:21",,ru,1.3,4,,13
45,4,33,13,6,https://centr-hirurgii.ru/doctors/,"Хирурги: цены на платный прием врача-хирурга ǀ Лучшие врачи хирурги Москвы в центре СМ-Клиника",192,25,https://www.sm-plastica.ru/experts/sizov-sergey-vladimirovich/,,"Сизов Сергей Владимирович Сизов Сергей Владимирович",,"Dofollow, Image",,"2019-10-03 11:14:27","2020-06-13 14:35:21",,ru,1.3,4,,13
46,2,70,12,0,https://profile.ru/main/novaya-vneshnost-novaya-zhizn-12944/,"Новая внешность — новая жизнь",58,24,http://sm-plastica.ru/experts/anastasiya-sergeevna-borisenko/,"и другие вопросы ответила врач пластический хирург, кандидат медицинских наук,","специалист Центра пластической хирургии «СМ-Косметология» Анастасия Сергеевна Борисенко",.,"Dofollow, Content",,"2019-05-02 07:09:48","2020-02-14 11:48:05",,ru,0,0,,16
47,1,83,12,0,https://yandex.com.tr/profile/1762430429,Yandex,20,1,https://www.sm-plastica.ru/,,sm-plastica.ru,,Dofollow,,"2020-02-17 00:25:12","2020-05-11 14:04:40",,tr,0,0,,1
48,4,70,12,2,https://techart.ru/portfolio/medicine/,"Маркетинговая группа «Текарт» | Медицинские услуги и оборудование",179,240,http://sm-plastica.ru/,,"СМ-Клиника | текстовое наполнение сайта направления пластической хирургии многопрофильной клиники",,Dofollow,,"2017-10-21 11:43:47","2020-06-10 12:25:59",,ru,0,1,,42
49,25,57,11,0,https://www.apoi.ru/novosti/moskva/zdorove-i-medicina?page=4,"Новости компаний: Москва, zdorove-i-medicina",89,7,http://sm-plastica.ru/upload/medialibrary/872/8720a878892abae828e149fa33fe640f.jpg,,,,"Dofollow, Image",,"2020-02-29 10:15:35","2020-04-17 15:27:39",,ru,0,0,,3
50,6,62,11,0,https://eva.ru/forum/mobile/topic/3376576.htm,"▲ Блефаропластика. Общий",63,7,http://sm-plastica.ru/services/plastika-vek-blefaroplastika/nizhnyaya-transkonyuktivalnaya-blefaroplastika.,"А я делала трасконъюктивную блефаровластику нижних век у Борисенко",http://sm-plastica.ru/services/plastika-vek-blefaroplastika/nizhnyaya-transkonyuktivalnaya-blefaroplastika.,"Очень довольная результатом. Прошло тоже все хорошо, без осложнений.",Nofollow,,"2017-08-09 06:47:17","2020-05-07 20:50:40",,ru,0,0,,5
51,1,73,11,0,https://medportal.ru/redirect?url=/clinics/guide/1083/,,0,1,http://sm-plastica.ru/,,,,"Dofollow, Redirect",,"2018-10-03 13:16:22","2019-04-21 10:58:43",,,0,0,,1
52,240,2,11,2,http://www.preventivnaya-medicina.ru/,"Центр превентивной медицины «СМ-Клиника»",13,19,https://sm-plastica.ru/,,"Пластическая хирургия",,Dofollow,,"2019-10-24 07:12:20","2020-05-19 03:08:09",,,24,4,,14
53,2,51,11,1,http://saita.flybb.ru/topic2.html,"создание сайта • Просмотр темы - Список лучших движков для сайта: 4 фаворита Сейчас мы рассм",21,360,http://blefaroweek.sm-plastica.ru/bitrix/rk.php?goto=http://miheeff.site,"2 2 реклама","создание хороших сайтов","раскрутка сайта бесплатно ReadyScript",Dofollow,,"2017-06-12 18:45:30","2020-05-11 01:17:13",,ru,0,0,,330
54,2,56,10,2,https://www.smclinic.ru/actions/idealnaya-figura/,"Акция «Недели идеальной фигуры»",95,50,https://www.sm-plastica.ru/experts/,,"Акрум Любовь Николаевна пластический хирург (м.Войковская)",,"Dofollow, Image",,"2020-04-11 18:15:29","2020-06-07 01:41:26",,ru,0,5,,16
55,2,56,10,1,https://www.smclinic.ru/professional-services/centr-korrekcii-figuri/,"Центр коррекции фигуры «СМ-Клиника»",98,35,https://www.sm-plastica.ru/experts/nozhin-sergey-yurevich/,,"Ножин Сергей Юрьевич пластический хирург высшей категории",,"Dofollow, Image",,"2020-02-06 22:58:01","2020-06-11 12:44:48",,ru,0.08,4,,15
56,2,56,10,1,https://www.smclinic.ru/professional-services/centr-korrekcii-figuri/,"Центр коррекции фигуры «СМ-Клиника»",98,35,https://www.sm-plastica.ru/experts/strazhnikov-ruslan-andreevich/,,"Стражников Руслан Андреевич пластический хирург высшей категории",,"Dofollow, Image",,"2020-02-06 22:58:01","2020-06-11 12:44:48",,ru,0.08,4,,15
57,1,56,10,2,https://www.smclinic.ru/actions/idealnaya-figura/,"Акция «Недели идеальной фигуры»",95,50,https://www.sm-plastica.ru/experts/khristenko-anna-ivanovna/,,"Христенко Анна Ивановна пластический хирург, к.м.н (м.ВДНХ)",,"Dofollow, Image",,"2019-12-06 21:33:43","2020-06-07 01:41:26",,ru,0,5,,16
58,1,56,10,2,https://www.smclinic.ru/actions/idealnaya-figura/,"Акция «Недели идеальной фигуры»",95,50,https://www.sm-plastica.ru/experts/li-aleksandr-gennadevich/,,"Ли Александр Геннадьевич пластический хирург, к.м.н (м.Войковская / м.Текстильщики)",,"Dofollow, Image",,"2019-12-06 21:33:43","2020-06-07 01:41:26",,ru,0,5,,16
59,1,56,10,2,https://www.smclinic.ru/actions/idealnaya-figura/,"Акция «Недели идеальной фигуры»",95,50,https://www.sm-plastica.ru/experts/malyaev-aleksey-aleksandrovich/,,"Маляев Алексей Александрович пластический хирург (м.Войковская)",,"Dofollow, Image",,"2019-12-06 21:33:43","2020-06-07 01:41:26",,ru,0,5,,16
60,1,56,10,2,https://www.smclinic.ru/actions/idealnaya-figura/,"Акция «Недели идеальной фигуры»",95,50,https://www.sm-plastica.ru/experts/pakhilin-dmitriy-viktorovich/,,"Пахилин Дмитрий Викторович пластический хирург (м.Войковская / м.Новые Черемушки)",,"Dofollow, Image",,"2019-12-06 21:33:43","2020-06-07 01:41:26",,ru,0,5,,16
61,1,56,10,2,https://www.smclinic.ru/actions/idealnaya-figura/,"Акция «Недели идеальной фигуры»",95,50,https://www.sm-plastica.ru/experts/shchepelin-mikhail-andreevich/,,"Щепелин Михаил Андреевич пластический хирург, к.м.н (м.Войковская / м.ВДНХ)",,"Dofollow, Image",,"2019-12-06 21:33:43","2020-06-07 01:41:26",,ru,0,5,,16
62,1,56,10,2,https://www.smclinic.ru/actions/idealnaya-figura/,"Акция «Недели идеальной фигуры»",95,50,https://www.sm-plastica.ru/experts/sizov-sergey-vladimirovich/,,"Сизов Сергей Владимирович пластический хирург (м.Войковская)",,"Dofollow, Image",,"2019-12-06 21:33:43","2020-06-07 01:41:26",,ru,0,5,,16
63,1,56,10,1,https://www.smclinic.ru/professional-services/centr-korrekcii-figuri/,"Центр коррекции фигуры «СМ-Клиника»",98,35,https://www.sm-plastica.ru/experts/khristenko-anna-ivanovna/,,"Христенко Анна Ивановна пластический хирург, к.м.н",,"Dofollow, Image",,"2020-02-06 22:58:01","2020-06-11 12:44:48",,ru,0.08,4,,15
64,1,56,10,1,https://www.smclinic.ru/professional-services/centr-korrekcii-figuri/,"Центр коррекции фигуры «СМ-Клиника»",98,35,https://www.sm-plastica.ru/experts/li-aleksandr-gennadevich/,,"Ли Александр Геннадьевич пластический хирург, к.м.н",,"Dofollow, Image",,"2020-02-06 22:58:01","2020-06-11 12:44:48",,ru,0.08,4,,15
65,1,56,10,1,https://www.smclinic.ru/professional-services/centr-korrekcii-figuri/,"Центр коррекции фигуры «СМ-Клиника»",98,35,https://www.sm-plastica.ru/experts/malyaev-aleksey-aleksandrovich/,,"Маляев Алексей Александрович пластический хирург",,"Dofollow, Image",,"2020-02-06 22:58:01","2020-06-11 12:44:48",,ru,0.08,4,,15
66,1,56,10,1,https://www.smclinic.ru/professional-services/centr-korrekcii-figuri/,"Центр коррекции фигуры «СМ-Клиника»",98,35,https://www.sm-plastica.ru/experts/pakhilin-dmitriy-viktorovich/,,"Пахилин Дмитрий Викторович пластический хирург",,"Dofollow, Image",,"2020-02-06 22:58:01","2020-06-11 12:44:48",,ru,0.08,4,,15
67,1,56,10,1,https://www.smclinic.ru/professional-services/centr-korrekcii-figuri/,"Центр коррекции фигуры «СМ-Клиника»",98,35,https://www.sm-plastica.ru/experts/shchepelin-mikhail-andreevich/,,"Щепелин Михаил Андреевич пластический хирург, к.м.н",,"Dofollow, Image",,"2020-02-06 22:58:01","2020-06-11 12:44:48",,ru,0.08,4,,15
68,1,56,10,1,https://www.smclinic.ru/professional-services/centr-korrekcii-figuri/,"Центр коррекции фигуры «СМ-Клиника»",98,35,https://www.sm-plastica.ru/experts/sizov-sergey-vladimirovich/,,"Сизов Сергей Владимирович пластический хирург",,"Dofollow, Image",,"2020-02-06 22:58:01","2020-06-11 12:44:48",,ru,0.08,4,,15
69,1,51,10,0,http://150.flybb.ru/topic3.html,"seo • Просмотр темы - Контекстные ссылки смотрятся натуральными ссылками, таккак о",21,293,http://www.sm-plastica.ru/bitrix/rk.php?goto=http://miheeff.site,"разработка сайтов белгород продвижение казань","влияет seo","менеджер по рекламе index.CMS","Dofollow, Content",,"2017-05-23 09:56:46","2020-05-19 18:01:29",,ru,0,0,,251
70,6,70,10,0,https://techart.ru/portfolio/cosmetology/,"Маркетинговая группа «Текарт» | Косметология",75,96,http://sm-plastica.ru/,,"СМ-Клиника | промо-сайты акций ""Пластическая хирургия"" для женщин",,Dofollow,,"2018-02-12 06:01:32","2020-06-14 06:47:18",,ru,0,1,,21
71,3,70,10,0,https://web.techart.ru/clients-examples/archive/2016.html,"Примеры разработанных веб сайтов, web дизайнов — Web.Techart",33,44,http://blefaroweek.sm-plastica.ru/,,"Текущая версия сайта",,Nofollow,,"2019-04-14 09:44:18","2020-06-16 01:50:05",,,0,0,,30
72,4,68,10,0,http://www.medlinks.ru/user.php?op=userinfo&uname=sm-plastica,MedLinks.ru,38,7,http://sm-plastica.ru/,,http://sm-plastica.ru,,Nofollow,,"2019-02-02 11:44:26","2020-05-18 14:15:25",,,0,0,,6
73,2,60,10,0,http://www.webviki.ru/sm-plastica.ru,"Sm-Plastica.ru - СМ-Пластика» - клиника пластической хирургии, центр",46,5,http://sm-plastica.ru/,,"Гото Sm-plastica.ru",,Nofollow,,"2016-11-15 18:22:42","2020-06-10 02:25:15",,ru,0,0,,4
74,10,63,10,0,https://msk.yp.ru/rajon/severnyi_ao/plasticheskaya_khirurgiya/,"Пластическая хирургия в Северном АО",26,28,http://www.sm-plastica.ru/,,www.sm-plastica.ru,,"Nofollow, Image",,"2019-06-04 18:42:32","2020-04-25 05:32:48",,ru,0,0,,17
75,6,49,10,1,https://www.tecrussia.ru/plasticheskie-kliniki/clinic-moscow/399-sm-klinika.html,"СМ-Клиника – центр пластической хирургии и медицинской косметологии",137,18,http://sm-plastica.ru/,,sm-plastica.ru,,Nofollow,,"2019-07-28 07:47:45","2020-06-11 11:54:35",,ru,0,0,,13
76,2,62,10,,https://www.kleo.ru/items/beauty/krasota-na-million-anastasiya-10.shtml,"Анастасия. Путь к совершенству",64,34,http://sm-plastica.ru/,,"Клиника «СМ-Пластика»","и персонально пластические хирурги Христенко Анна Ивановна и","Nofollow, Content",,"2019-03-10 11:32:49","2020-04-30 18:47:02",,ru,0,0,,17
77,4,62,10,0,https://www.kleo.ru/items/beauty/krasota-na-million-anastasiya-5.shtml,"Анастасия об итогах пластики",63,23,http://sm-plastica.ru/,"Клиника пластической хирургии",«СМ-Пластика»,,"Nofollow, Content",,"2018-10-17 14:27:19","2020-06-08 01:28:22",,ru,0,0,,11
78,2,56,9,0,https://www.orgpage.ru/moskva/tsentr-plasticheskoy-khirurgii-5363965.html,"Центр пластической хирургии «СМ - Пластика» Москва - телефон, адрес, отзывы, контакты",32,9,http://sm-plastica.ru/,Сайт:,sm-plastica.ru,,Nofollow,,"2020-06-13 08:43:46","2020-06-13 08:43:46",,ru,0,0,,7
79,2,51,9,0,http://dlay-dam.flybb.ru/topic4.html,"массаж для дам • Просмотр темы - расслабиться. Ваше тело покрывают маслом, запах которого буд",21,607,http://blefaroweek.sm-plastica.ru/bitrix/rk.php?goto=http://massage-relaks.ru,,"http://blefaroweek.sm-plastica.ru/bitri ... -relaks.ru",,Dofollow,,"2019-05-16 09:35:48","2019-05-16 09:35:48",,ru,0,0,,571
80,2,56,9,0,https://www.smclinic.ru/actions/nedelya-zhenskoy-plasticheskoy-khirurgii/,"Акция «Неделя женской пластической хирургии» в медицинском центре «СМ-Клиника»",84,35,https://sm-plastica.ru/stock/plastika-grudi/,,"Получите купон на скидку прямо сейчас",,"Dofollow, Content",,"2019-08-27 15:54:56","2020-05-16 03:13:05",,ru,0,0,,16
81,2,56,9,0,https://www.smclinic.ru/press-centr/news/30-aprelya-otkrytie-tsentra-plasticheskoy-khirurgii-sm-plastika/,"30 апреля – открытие Центра пластической хирургии «СМ-Пластика»",59,20,https://sm-plastica.ru/,Руководитель,"Центра пластической хирургии «СМ-Пластика»","– Дмитрий Михайлович Саратовцев, кандидат медицинских наук, действительный член Российского","Dofollow, Content",,"2019-09-10 18:27:51","2020-05-11 07:17:50",,ru,0,0,,14
82,1,56,9,0,https://www.smclinic.ru/press-centr/news/sm-klinika-prinyala-uchastie-v-dne-diagnostiki-melanomy-v-rossii/,"«СМ-Клиника» приняла участие в Дне диагностики меланомы в России",60,20,https://sm-plastica.ru/,"от неэстетичного образования – записаться на консультацию к пластическим хирургам",«СМ-Пластика»,", которые могут аккуратно удалить его хирургическим путем либо с","Dofollow, Content",,"2019-09-06 09:28:49","2020-05-12 18:17:45",,,0,0,,14
83,1,56,9,0,https://www.smclinic.ru/press-centr/news/proverennyy-sposob-stat-luchshe-chem-vchera/,"Проверенный способ стать лучше, чем вчера",60,20,https://sm-plastica.ru/services/esteticheskaya-plastika/,"по телефону +7 (495) 292-39-72 и на сайте",sm-plastica.ru,,"Dofollow, Content",,"2019-09-10 16:39:44","2020-05-15 11:42:00",,ru,0,0,,14
84,1,56,9,0,https://www.smclinic.ru/press-centr/news/tsentr-plasticheskoy-khirurgii-sm-plastika-otmetil-den-rozhdeniya/,"Центр пластической хирургии «СМ-Пластика» отметил день рождения",62,20,https://sm-plastica.ru/,"случаю, позволил гостям познакомиться с командой пластических хирургов и возможностями",«СМ-Пластика»,", узнать детали выполнения эстетических операций и специальные предложения, которыми","Dofollow, Content",,"2019-09-06 02:42:52","2020-05-18 20:28:09",,ru,0,0,,14
85,2,56,9,0,https://www.smclinic.ru/actions/pozvolte-sebe-bolshie-vozmozhnosti-s-sm-plastika-/,"Позвольте себе большие возможности с «СМ-Пластика»!",84,35,https://sm-plastica.ru/stock/plastika-novie-tseni/,,"Узнать стоимость ...",,"Dofollow, Content",,"2019-08-04 05:01:18","2020-05-19 05:04:00",,ru,0,0,,16
86,1,63,9,0,https://yandex.uz/profile/1762430429,Яндекс,17,2,https://www.sm-plastica.ru/,,sm-plastica.ru,,Dofollow,,"2020-02-17 07:31:59","2020-02-17 07:31:59",,ru,0,0,,2
87,9,56,9,0,https://www.smclinic.ru/clinics/sm-klinika-na-voykovskoy/doctors/plasticheskiy-khirurg/,"Врачи в САО, метро Войковская - цены, прием и консультация в «СМ-Клиника» на Войковской",91,42,http://sm-plastica.ru/experts/pakhilin-dmitriy-viktorovich/,,"Посмотреть отзывы/Оставить отзыв",,Dofollow,,"2019-07-15 05:21:02","2020-06-06 19:52:25",,ru,0,0,,16
88,2,56,9,0,https://www.smclinic.ru/professional-services/operativnaya-otolaringologiya/septoplastika/,"Септопластика носовой перегородки - цена, сделать пластику носовой перегородки в «СМ-Клиника»",194,49,http://sm-plastica.ru/services/plastika-litsa-i-shei/plastika-nosa-rinoplastika/,"Возможно вам также будет интересно:","пластика носа в Москве",,"Dofollow, Content",,"2020-04-09 07:24:16","2020-05-24 00:51:54",,ru,0,6,,15
89,2,56,9,0,https://www.smclinic.ru/professional-services/plasticheskie-operatsii/,"Пластические операции – подтяжка лица, ринопластика, маммопластика, пластика живота, подтяжка бедер, липосакция в медицинском центре «СМ-Клиника» в Москве",79,44,https://sm-plastica.ru/services/plastika-grudi/podtyazhka-grudi-mastopeksiya/,,"Подтяжка груди (мастопексия)",,Dofollow,,"2019-08-21 06:10:07","2020-06-14 10:14:13",,ru,18,20,,14
90,2,56,9,0,https://www.smclinic.ru/professional-services/plasticheskie-operatsii/,"Пластические операции – подтяжка лица, ринопластика, маммопластика, пластика живота, подтяжка бедер, липосакция в медицинском центре «СМ-Клиника» в Москве",79,44,https://www.sm-plastica.ru/services/plastika-litsa-i-shei/plastika-nosa-rinoplastika/,,"Ринопластика (пластика носа)",,Dofollow,,"2019-08-08 19:03:00","2020-06-14 10:14:13",,ru,18,20,,14
91,1,56,9,0,https://www.smclinic.ru/clinics/klinika-sm-plastika-m-voykovskaya/,"Центр пластической хирургии «СМ-Пластика» (м. «Войковская») — адрес, телефон, схема проезда, часы работы",83,34,https://sm-plastica.ru/,"Сайт Центра пластической хирургии «СМ-Пластика»:",www.sm-plastica.ru,,"Dofollow, Content",,"2019-09-04 16:07:59","2020-06-15 15:00:01",,ru,16,9,,16
92,1,56,9,0,https://www.smclinic.ru/clinics/klinika-sm-plastika-m-voykovskaya/about/,"Информация о медицинском центре Центр пластической хирургии «СМ-Пластика» (м. «Войковская»)",83,35,https://sm-plastica.ru/,"Сайт Центра пластической хирургии «СМ-Пластика»:",http://sm-plastica.ru,,"Dofollow, Content",,"2019-09-09 17:01:47","2020-06-14 08:59:36",,ru,0.02,1,,16
93,1,56,9,0,https://www.smclinic.ru/press-centr/news/obuchenie-v-ispanii/,"Обучение в Испании пластических хирургов СМ-Клиника | Новости «СМ-Клиника»",59,21,https://www.sm-plastica.ru/services/plastika-grudi/,"платизмопластика, трансконьюктивальная блефаропластика); операции на молочной железе (типы груди, асимметрии,","увеличение груди","— разные доступы, увеличение груди с помощью жировой ткани, мастопексия","Dofollow, Content",,"2019-07-19 03:48:31","2020-06-14 07:21:41",,ru,0,0,,14
94,1,56,9,0,https://www.smclinic.ru/professional-services/plasticheskie-operatsii/,"Пластические операции – подтяжка лица, ринопластика, маммопластика, пластика живота, подтяжка бедер, липосакция в медицинском центре «СМ-Клиника» в Москве",79,44,https://www.sm-plastica.ru/services/plastika-grudi/,,"Увеличивающая маммопластика (эндопротезирование груди)",,Dofollow,,"2019-08-21 06:10:07","2020-06-14 10:14:13",,ru,18,20,,14
95,1,56,9,0,https://www.smclinic.ru/professional-services/plasticheskie-operatsii/,"Пластические операции – подтяжка лица, ринопластика, маммопластика, пластика живота, подтяжка бедер, липосакция в медицинском центре «СМ-Клиника» в Москве",79,44,https://www.sm-plastica.ru/services/podtyazhka-litsa-feyslifting/,,"Подтяжка лица (фейс-лифтинг)",,Dofollow,,"2019-08-08 19:03:00","2020-06-14 10:14:13",,ru,18,20,,14
96,2,17,9,1,https://www.lotus-award.ru/press/award-2016/,"Пресса за 2016-й год — Хрустальный Лотос",12,115,http://sm-plastica.ru/about/press-center/news/luchshiy-plasticheskiy-khirurg-goda-rabotaet-v-sm-plastika/,,"Лучший пластический хирург года работает в «СМ-Пластика»",,Nofollow,,"2020-01-17 00:59:09","2020-05-20 06:39:39",,ru,0,0,,69
97,2,51,9,0,http://uhody.flybb.ru/topic16.html?p=16,"массаж для Сударыни • Просмотр темы - Секс массаж подарит сладостные минуты удовольствия Интернет",21,929,http://blefaroweek.sm-plastica.ru/bitrix/rk.php?goto=http://wq.lt/daTJP,,"http://blefaroweek.sm-plastica.ru/bitri ... q.lt/daTJP",,Dofollow,,"2019-02-22 05:21:32","2020-05-09 03:05:41",,ru,0,0,,808
98,2,51,9,0,http://missis.flybb.ru/topic16.html?p=16,"массаж для миссис • Просмотр темы - Витамины, как говорит наука, это незаменимые вещества, необх",21,937,http://blefaroweek.sm-plastica.ru/bitrix/rk.php?goto=http://1w.tf/eBQaW,,"http://blefaroweek.sm-plastica.ru/bitri ... w.tf/eBQaW",,Dofollow,,"2018-12-30 17:58:34","2020-05-09 02:13:09",,ru,0,0,,812
99,1,33,9,1,https://centr-hirurgii.ru/service/,"Услуги в центре хирургии «СМ-Клиника»",64,15,https://www.sm-plastica.ru/,,"Пластические операции",,"Dofollow, Image",,"2019-03-21 04:51:26","2020-06-10 21:07:57",,ru,0,0,,13
100,2,54,9,0,https://yellmed.ru/plasticheskie-hirurgii/sm-plastika,"СМ-Пластика Центр пластической хирургии – описание компании, схема проезда",89,13,https://sm-plastica.ru/,,https://sm-plastica.ru,,Nofollow,,"2020-05-27 12:23:16","2020-06-14 23:42:09",,ru,0,0,,8
101,4,51,9,0,https://www.kleos.ru/plastika/promezhutochnye-rezultaty-operatsii-anastasii/,"Промежуточные результаты операции Анастасии",95,17,http://sm-plastica.ru/,"Клиника пластической хирургии",«СМ-Пластика»,,"Nofollow, Content",,"2018-10-17 12:23:27","2020-05-28 17:32:15",,ru,0,0,,9
102,23,39,9,0,https://www.pervenez.ru/forum/poslerodovij-period-t4289.html-view=next,"Пластическая хирургия - Форум для родителей на первенец.ру - Ты и твой ребенок • Пластическая хирургия",60,16,http://sm-plastica.ru/,,http://sm-plastica.ru/,,Nofollow,,"2019-09-17 19:55:03","2020-05-17 06:25:45",,ru,0,0,,9
103,3,57,9,0,https://www.apoi.ru/blogi/idealnyj-oval-lica-udalenie-komkov-bisha,"Идеальный овал лица: удаление комков биша - центр пластической хирургии «см-пластика»",50,6,http://sm-plastica.ru/services/podtyazhka-litsa-feyslifting/udalenie-komkov-bisha/,"В пластической хирургии пользуется популярностью","операция по удалению комков Биша",". Это жировые отложения под скулами, которые располагаются вокруг протока","Dofollow, Content",,"2018-02-04 12:57:50","2020-06-03 13:53:33",,ru,0,0,,2
104,3,57,9,0,https://www.apoi.ru/blogi/khotite-idealnyj-nosik,"Хотите идеальный носик? - центр пластической хирургии «см-пластика»",50,12,http://sm-plastica.ru/services/simultannye-operatsii/rinoseptoplastika/,"размер носа, а также наладить дыхательные функции путем проведения о","перации по исправлению носовой перегородки",.,"Dofollow, Content",,"2017-09-27 19:39:52","2020-06-03 15:03:59",,ru,0,0,,2
105,2,57,9,0,https://www.apoi.ru/blogi/abdominoplastika-v-voprosakh-i-otvetakh,"Абдоминопластика в вопросах и ответах - центр пластической хирургии «см-пластика»",49,7,http://sm-plastica.ru/services/liiposaktsiya/,"тела. Поэтому во многих случаях совместно с операцией проводят процедуру",липосакции,". Для того чтобы просто избавиться от лишних жировых отложений,","Dofollow, Content",,"2018-02-17 22:14:19","2020-06-03 13:53:30",,ru,0,0,,2
106,2,57,9,0,https://www.apoi.ru/blogi/abdominoplastika-v-voprosakh-i-otvetakh,"Абдоминопластика в вопросах и ответах - центр пластической хирургии «см-пластика»",49,7,http://sm-plastica.ru/services/plastika-tela/plastika-zhivota-abdominoplastika/,"мечта многих женщин и мужчин. Реализовать ее позволяет операция по",абдоминопластике,", в ходе которой удаляются избыточные мягкие ткани, устраняются растяжки","Dofollow, Content",,"2018-02-17 22:14:19","2020-06-03 13:53:30",,ru,0,0,,2
107,2,57,9,0,https://www.apoi.ru/blogi/khotite-idealnyj-nosik,"Хотите идеальный носик? - центр пластической хирургии «см-пластика»",50,12,http://sm-plastica.ru/,"В «",СМ-Пластика,"» вы можете получить подробные консультации и сделать пластику носа","Dofollow, Content",,"2017-09-27 19:39:52","2020-06-03 15:03:59",,ru,0,0,,2
108,2,57,9,0,https://www.apoi.ru/blogi/khotite-idealnyj-nosik,"Хотите идеальный носик? - центр пластической хирургии «см-пластика»",50,12,http://sm-plastica.ru/experts/saratovtsev-dmitriy-mikhaylovich/,"решает проблемы со здоровьем, восстанавливая свободное носовое дыхание», — утверждает","Дмитрий Михайлович Саратовцев",", к.м.н., ведущий специалист по пластической хирургии медицинского холдинга «СМ-Пластика».","Dofollow, Content",,"2017-09-27 19:39:52","2020-06-03 15:03:59",,ru,0,0,,2
109,2,57,9,0,https://www.apoi.ru/blogi/khotite-idealnyj-nosik,"Хотите идеальный носик? - центр пластической хирургии «см-пластика»",50,12,http://sm-plastica.ru/services/plastika-litsa-i-shei/plastika-nosa-rinoplastika/,"По статистике,",ринопластика,"— хирургическая коррекция формы носа — относится к одним из","Dofollow, Content",,"2017-09-27 19:39:52","2020-06-03 15:03:59",,ru,0,0,,2
110,2,57,9,0,https://www.apoi.ru/centr-plasticheskoj-khirurgii-sm-plastika-moskva-ul-klary-cetkin-33-k-28,"Отзывы о Центр пластической хирургии «СМ-Пластика», Клары Цеткин «Войковская»",32,6,http://sm-plastica.ru/,,sm-plastica.ru,,Nofollow,,"2017-09-22 11:34:07","2020-06-10 08:46:17",,,0,0,,3
111,2,57,9,0,https://www.apoi.ru/novosti/akcii-sm-plastika-v-yanvare,"Акции «см-пластика» в январе - центр пластической хирургии «см-пластика»",51,5,http://sm-plastica.ru/stock/,"всех клиентов клиники пластической хирургии «СМ-Пластика» в январе действуют следующие",акции,:,"Dofollow, Content",,"2018-02-04 05:57:18","2020-06-08 11:28:58",,,0,0,,2
112,2,57,9,0,https://www.apoi.ru/novosti/novaya-akciya-na-blefaroplastiku-ot-sm-plastika,"Новая акция на блефаропластику от «см-пластика» - центр пластической хирургии «см-пластика»",50,5,http://www.sm-plastica.ru/,,https://www.sm-plastica.ru/,,"Dofollow, Content",,"2019-09-04 06:40:00","2020-06-08 22:12:00",,,,,,2
113,2,57,9,0,https://www.apoi.ru/novosti/vrachi-sm-klinika-ispolnili-mechtu-uchastnicy-proekta-krasota-na-million,"Врачи «см-клиника» исполнили мечту участницы проекта «красота на миллион» - центр пластической хирургии «см-пластика»",50,9,http://sm-plastica.ru/,,«СМ-Пластика»,"— отделение пластической хирургии многопрофильного медицинского холдинга «СМ-Клиника». Оно располагает","Dofollow, Content",,"2020-05-14 06:42:13","2020-06-08 22:12:17",,,0,0,,2
114,2,57,9,0,https://www.apoi.ru/novosti/vrachi-sm-klinika-ispolnili-mechtu-uchastnicy-proekta-krasota-na-million,"Врачи «см-клиника» исполнили мечту участницы проекта «красота на миллион» - центр пластической хирургии «см-пластика»",50,9,http://sm-plastica.ru/experts/khristenko-anna-ivanovna/,"Затем девушку передали в волшебные руки пластического хирурга,","к.м.н. Христенко А. И.","«Прошло два месяца с того момента, как мы увеличили Анастасии","Dofollow, Content",,"2020-05-14 06:42:13","2020-06-08 22:12:17",,,0,0,,2
115,2,57,9,0,https://www.apoi.ru/novosti/vrachi-sm-klinika-ispolnili-mechtu-uchastnicy-proekta-krasota-na-million,"Врачи «см-клиника» исполнили мечту участницы проекта «красота на миллион» - центр пластической хирургии «см-пластика»",50,9,http://sm-plastica.ru/experts/pakhilin-dmitriy-viktorovich/,"Первые две операции по ринопластике прошли 11 июля.","Пластический хирург Пахилин Д. В.","отмечает успешные результаты оперативного вмешательства: «Моя задача состояла в том,","Dofollow, Content",,"2020-05-14 06:42:13","2020-06-08 22:12:17",,,0,0,,2
116,2,57,9,0,https://www.apoi.ru/profile/?id=66191,"Apoi.ru: профиль пользователя sm-plastica",20,5,http://sm-plastica.ru/,,sm-plastica.ru/,,Dofollow,,"2019-05-28 05:14:13","2020-06-03 07:36:49",,,0,0,,2
117,2,57,9,0,https://www.apoi.ru/stati/kogda-neobkhodima-blefaroplastika,"Когда необходима блефаропластика",50,6,http://www.sm-plastica.ru/,,https://www.sm-plastica.ru,,"Dofollow, Content",,"2019-05-29 09:19:58","2020-06-03 06:36:14",,ru,0,0,,3
118,2,49,9,0,http://msk24.net/sm-plastica/,"Центр пластической хирургии «СМ-Пластика», Москва. ПЛАСТИКА ЛИЦА И ШЕИ Подтяжка лица (фейслифтинг) Подтяжка нижней зоны",24,2,http://sm-plastica.ru/,Сайт:,http://sm-plastica.ru,,"Nofollow, Content",,"2020-06-08 09:35:53","2020-06-08 09:35:53",,ru,0,0,,1
119,2,47,9,0,https://www.infoskidka.ru/view_shop/sm-plastika-4460734.html,"СМ-Пластика: адреса, телефоны, официальный сайт, режим работы",97,2,http://sm-plastica.ru/,,http://sm-plastica.ru/,,Nofollow,,"2018-05-10 06:40:56","2020-06-06 09:46:19",,ru,0,0,,1
120,4,47,9,0,https://vboyarke.myqip.ru/?1-0-0-00000004-000-0-0,"Боярский Форум о Немецкой Овчарке",12,116,http://www.sm-plastica.ru/bitrix/rk.php?goto=http://miheeff.site,"разработка сайтов белгород продвижение казань","влияет seo","менеджер по рекламе index.CMS","Nofollow, UGC",,"2019-04-02 23:20:04","2020-06-11 07:43:49",,ru,0,0,,102
121,2,42,9,0,https://vseo.by/item10817.html,"Отопластика: решение психологической проблемы хирургическим путем",17,9,http://sm-plastica.ru/services/plastika-ushey-otoplastika/otoplastika/,"Эффективное решение проблемы –","пластическая операция на уши",". Ведь иным способом изменить их форму невозможно. Можно лишь","Dofollow, Content",,"2019-08-14 07:44:27","2020-05-31 08:28:49",,,0,0,,4
122,2,42,9,0,https://vseo.by/item10817.html,"Отопластика: решение психологической проблемы хирургическим путем",17,9,http://sm-plastica.ru/services/plastika-ushey-otoplastika/plastika-mochki-ukha/,"слишком крупными или мелкими мочками (","пластика мочки уха",).,"Dofollow, Content",,"2019-08-14 07:44:27","2020-05-31 08:28:49",,,0,0,,4
123,2,42,9,0,https://vseo.by/item11107.html,"Удаляем второй подбородок: липосакция или липолиз?",17,9,http://sm-plastica.ru/services/plastika-litsa-i-shei/lazernyy-lipoliz/,"к обычной жизни пациент может вернуться уже через несколько дней.","Лазерный липолиз","абсолютно безопасен и нетравматичен, поскольку воздействие оказывается лишь на проблемные","Dofollow, Content",,"2019-09-03 10:44:23","2020-06-04 17:09:47",,,0,0,,4
124,2,42,9,0,https://vseo.by/item11107.html,"Удаляем второй подбородок: липосакция или липолиз?",17,9,http://sm-plastica.ru/services/plastika-litsa-i-shei/liposaktsiya/,"области подбородка высокоэффективны и безопасны, не требуют больших временных затрат.","Липосакция второго подбородка","относится к числу малотравматичных оперативных процедур, а лазерный липолиз проходит","Dofollow, Content",,"2019-09-03 10:44:23","2020-06-04 17:09:47",,,0,0,,4
125,2,42,9,0,http://spras.ru/paczientam/specialist/borisenko-anastasiya-sergeevna,"Борисенко Анастасия Сергеевна",37,16,http://sm-plastica.ru/,,http://sm-plastica.ru/,,Dofollow,,"2020-06-10 08:23:10","2020-06-10 08:23:10",,ru,0,0,,11
126,230,39,8,0,http://www.rusmed.ru/board/show_board/9981/,"Бесплатная консультация пластического хирурга :: Доска объявлений портала Rusmed.Ru ::Rusmed.Ru - Медицинский портал о компаниях, клиниках и салонах красоты",78,5,http://sm-plastica.ru/,,http://sm-plastica.ru,,Nofollow,,"2017-09-17 05:13:03","2020-05-02 01:30:34",,ru,0,0,,3
127,4,39,8,0,http://www.rusmed.ru/annonce/show/3636/O_chem_sprosit_pered_plasticheskoy_operaciey,"О чем спросить перед пластической операцией?",105,8,http://sm-plastica.ru/services/plastika-vek-blefaroplastika/,,Блефаропластика,,Nofollow,,"2017-05-08 21:03:50","2020-06-02 20:44:26",,ru,0,0,,4
128,2,39,8,0,http://www.rusmed.ru/annonce/show/3487/Udalyaem_vtoroy_podborodok_liposakciya_ili_lipoliz,"Удаляем второй подбородок: липосакция или липолиз?",105,8,http://sm-plastica.ru/services/plastika-litsa-i-shei/liposaktsiya/,,"Липосакция второго подбородка в ""СМ-Пластика""",,Nofollow,,"2016-08-20 19:22:28","2020-06-02 16:52:47",,ru,0,0,,4
129,2,39,8,0,http://www.rusmed.ru/annonce/show/3491/Podtyazhka_grudi_vse_za_i_protiv,"Подтяжка груди: все «за» и «против»",105,8,http://sm-plastica.ru/services/plastika-grudi/podtyazhka-grudi-mastopeksiya/,,"Подтяжка груди (мастопексия)",,Nofollow,,"2016-08-13 23:03:32","2020-06-02 17:48:00",,ru,0,0,,4
130,2,39,8,0,http://www.rusmed.ru/annonce/show/3503/Feyslifting_vozvrashchaem_krasotu_i_molodost_lica,"Фейслифтинг: возвращаем красоту и молодость лица",105,8,http://sm-plastica.ru/services/podtyazhka-litsa-feyslifting/,,"Фейслифтинг в ""СМ-Пластика",,Nofollow,,"2016-09-09 05:13:11","2020-06-02 17:33:54",,ru,0,0,,4
131,2,39,8,0,http://www.rusmed.ru/annonce/show/3552/Bolshaya_grud_bolshie_problemy,"Большая грудь - большие проблемы",105,8,http://sm-plastica.ru/services/plastika-grudi/umenshenie-grudi-reduktsionnaya-mammoplastika/,,"Редукционная маммопластика (уменьшение груди)",,Nofollow,,"2016-11-29 15:11:31","2020-06-02 15:45:12",,ru,0,0,,4
132,2,39,8,0,http://www.rusmed.ru/annonce/show/3577/Formula_krasoty,"Формула красоты",105,8,http://sm-plastica.ru/services/plastika-litsa-i-shei/plastika-nosa-rinoplastika/,,Ринопластика,,Nofollow,,"2017-02-21 14:18:57","2020-06-02 23:56:23",,ru,0,0,,4
133,2,39,8,0,http://www.rusmed.ru/annonce/show/3594/Geometriya_tela,"Геометрия тела",105,8,http://sm-plastica.ru/,,"Центр пластической хирургии ""СМ-Пластика""",,Nofollow,,"2017-02-24 18:52:51","2020-06-02 23:26:04",,ru,0,0,,4
134,2,39,8,0,http://www.rusmed.ru/annonce/show/3622/Na_20_let_molozhe,"На 20 лет моложе",105,8,http://sm-plastica.ru/services/podtyazhka-litsa-feyslifting/,,"Подтяжка лица (фейслифтинг)",,Nofollow,,"2017-04-10 09:58:04","2020-06-02 22:07:06",,ru,0,0,,4
135,2,39,8,0,http://www.rusmed.ru/annonce/show/3647/Idealnaya_grud_Kakaya_ona,"Идеальная грудь. Какая она?",105,8,http://sm-plastica.ru/services/plastika-grudi/,,Маммопластика,,Nofollow,,"2017-06-16 06:43:48","2020-06-02 17:48:45",,ru,0,0,,4
136,2,39,8,0,http://www.rusmed.ru/annonce/show/3677/Kak_podgotovitsya_k_plasticheskoy_operacii,"Как подготовиться к пластической операции",105,8,http://sm-plastica.ru/,,"Клиника пластической хирургии",,Nofollow,,"2017-08-12 23:18:39","2020-06-02 13:54:33",,ru,0,0,,4
137,1,39,8,0,http://www.rusmed.ru/annonce/show/4173/Kogda_neobhodima_blefaroplastika,"Когда необходима блефаропластика",105,7,https://www.sm-plastica.ru/,,"СМ-Пластика» — центр пластической хирургии",,Nofollow,,"2019-06-02 10:42:10","2020-06-02 13:32:21",,ru,0,0,,4
138,15,33,8,0,http://centr-hirurgii.ru/doctors/pakhilin-dmitriy-viktorovich/,,0,1,https://www.sm-plastica.ru/experts/pakhilin-dmitriy-viktorovich/,,,,"Dofollow, Redirect",,"2020-03-22 06:44:30","2020-03-27 21:39:37",,,0,0,,1
139,1,38,8,0,https://plastic-club.ru/kliniki/moskva/klinika-sm-plastika.php,"Клиника пластической хирургии СМ-Пластика",260,7,https://www.sm-plastica.ru/,,"Перейти на сайт доктора",,Nofollow,,"2019-06-02 00:40:50","2020-06-06 15:56:26",,ru,0,0,,5
140,2,38,8,0,https://medcosmetologiya.com/plugins/content/external_links/external_links/frameset.php?url=http://sm-plastica.ru,http://sm-plastica.ru,1,3,http://sm-plastica.ru/,,,,Dofollow,,"2019-02-25 20:46:03","2020-05-26 17:34:45",,,0,0,,2
141,2,34,8,0,https://korden.org/companies/21220,"Центр пластической хирургии «СМ-Пластика» · Медицина в Москве · Каталог организаций России",35,6,http://sm-plastica.ru/,,sm-plastica.ru,,Nofollow,,"2018-10-31 01:12:54","2020-04-29 00:41:51",,ru,0,0,,5
142,10,36,8,0,http://c77971.ru-capital.ru/office/,"Центр пластической хирургии «СМ-Пластика» - Москва. Центр пластической хирургии «СМ-Пластика» выполняет эстетическую корре",21,2,http://sm-plastica.ru/,Сайт:,http://sm-plastica.ru/,,"Nofollow, Content",,"2020-06-07 20:28:14","2020-06-07 20:28:14",,ru,0,0,,1
143,3,33,8,0,https://centr-hirurgii.ru/action/nedelya-plasticheskoy-khirurgii-dlya-prekrasnykh-dam/,"Неделя пластической хирургии для прекрасных дам | Акции Центра хирургии СМ-Клиника в Москве",63,21,http://sm-plastica.ru/,"да еще и на очень выгодных условиях, можно реализовать благодаря","Неделе пластической хирургии для прекрасных дам",", которую мы организуем с 20 марта по 2 апреля","Dofollow, Content",,"2019-04-14 14:22:36","2020-05-12 10:42:17",,ru,0,0,,13
144,1,33,8,0,https://centr-hirurgii.ru/action/aktsiya-nedelya-plasticheskoy-khirurgii-dlya-muzhchin/,"Акция «Неделя пластической хирургии для мужчин» | Акции Центра хирургии СМ-Клиника в Москве",63,20,http://sm-plastica.ru/services/esteticheskaya-plastika/,"Подробности на сайте:",mensplasticweek.smclinic.ru,,"Dofollow, Content",,"2019-04-03 08:54:39","2020-05-12 09:10:45",,ru,0,0,,13
145,2,33,8,0,https://centr-hirurgii.ru/action/nedelya-zhenskoy-plasticheskoy-khirurgii/,"Акция «Неделя женской пластической хирургии» | Акции Центра хирургии СМ-Клиника в Москве",63,21,http://sm-plastica.ru/stock/plastika-grudi/,,"Получите купон на скидку прямо сейчас",,"Dofollow, Content",,"2018-11-21 06:03:18","2020-05-09 08:30:34",,ru,0,0,,13
146,1,33,8,0,https://centr-hirurgii.ru/doctors/all/,"Все хирурги и оперирующие специалисты Центра хирургии «СМ-Клиника»",415,25,https://www.sm-plastica.ru/experts/khristenko-anna-ivanovna/,,"Христенко Анна Ивановна",,"Dofollow, Image",,"2019-10-27 17:46:16","2020-06-08 20:37:41",,ru,0,1,,13
147,1,33,8,0,https://centr-hirurgii.ru/doctors/all/,"Все хирурги и оперирующие специалисты Центра хирургии «СМ-Клиника»",415,25,https://www.sm-plastica.ru/experts/li-aleksandr-gennadevich/,,"Ли Александр Геннадьевич",,"Dofollow, Image",,"2019-03-23 22:34:26","2020-06-08 20:37:41",,ru,0,1,,13
148,1,33,8,0,https://centr-hirurgii.ru/doctors/all/,"Все хирурги и оперирующие специалисты Центра хирургии «СМ-Клиника»",415,25,https://www.sm-plastica.ru/experts/nozhin-sergey-yurevich/,,"Ножин Сергей Юрьевич",,"Dofollow, Image",,"2020-02-10 10:43:38","2020-06-08 20:37:41",,ru,0,1,,13
149,1,33,8,0,https://centr-hirurgii.ru/doctors/all/,"Все хирурги и оперирующие специалисты Центра хирургии «СМ-Клиника»",415,25,https://www.sm-plastica.ru/experts/pakhilin-dmitriy-viktorovich/,,"Пахилин Дмитрий Викторович",,"Dofollow, Image",,"2019-03-23 22:34:26","2020-06-08 20:37:41",,ru,0,1,,13
150,1,33,8,0,https://centr-hirurgii.ru/doctors/all/,"Все хирурги и оперирующие специалисты Центра хирургии «СМ-Клиника»",415,25,https://www.sm-plastica.ru/experts/shchepelin-mikhail-andreevich/,,"Щепелин Михаил Андреевич",,"Dofollow, Image",,"2019-03-12 15:59:45","2020-06-08 20:37:41",,ru,0,1,,13
151,1,33,8,0,https://centr-hirurgii.ru/doctors/all/,"Все хирурги и оперирующие специалисты Центра хирургии «СМ-Клиника»",415,25,https://www.sm-plastica.ru/experts/sizov-sergey-vladimirovich/,,"Сизов Сергей Владимирович",,"Dofollow, Image",,"2019-10-03 03:43:13","2020-06-08 20:37:41",,ru,0,1,,13
152,1,33,8,0,https://centr-hirurgii.ru/service/consultations/,"Консультация хирурга: цены в Москве ǀ Недорогая консультация врача хирурга по записи в центре хирургии «СМ-Клиника»",109,17,https://www.sm-plastica.ru/,"Детского хирурга","Пластического хирурга",,"Dofollow, Image",,"2020-06-11 15:11:23","2020-06-11 15:11:23",,ru,0,0,,13
153,2,33,8,0,https://centr-hirurgii.ru/about/news/spetsialnye-tseny-na-operatsiyu-po-uvelicheniyu-grudi/,"Специальные цены на операцию по увеличению груди | Новости Центра хирургии СМ-Клиника»",51,17,http://sm-plastica.ru/stock/aktsiya-plastika-grudi-2018/,"«СМ-Клиника» эту операцию можно сделать по специальным ценам в рамках","акции «Пластика груди».",,"Dofollow, Content",,"2018-11-28 20:37:00","2020-05-20 11:38:28",,ru,0,0,,13
154,2,31,8,0,http://vseoplastike.ru/articles/detail/87199,"Риносептопластика: ценность открытия",128,36,https://www.sm-plastica.ru/services/plastika-litsa-i-shei/plastika-nosa-rinoplastika/,,Риносептопластика,"поддерживает структурное единство носа и создает крепкий, функциональный, эстетически приятный","Dofollow, Content",,"2019-06-05 22:10:59","2020-05-17 00:45:57",,ru,0,0,,28
155,4,18,8,1,https://www.krasota-na-million.ru/5-sezon/itogi-operatsij-anastasii/,"Итоги операций Анастасии - КРАСОТА НА МИЛЛИОН",56,23,http://sm-plastica.ru/,"Клиника пластической хирургии",«СМ-Пластика»,,"Dofollow, Content",,"2020-01-17 12:20:24","2020-06-12 12:42:12",,ru,0,0,,11
156,1,27,8,0,https://linkstats.info/sm-plastica.ru/,"sm-plastica.ru | 5.53.123.190 DNS domain, Similar Websites, Website link, Websites Same Server",88,10,http://sm-plastica.ru/,sm-plastica.ru,,,Nofollow,,"2019-12-17 12:04:03","2020-03-26 13:15:09",,en,0,0,,9
157,1,27,8,0,https://linkstats.info/sm-plastica.ru/,"sm-plastica.ru | 5.53.123.190 DNS domain, Similar Websites, Website link, Websites Same Server",88,10,https://www.sm-plastica.ru/,"«СМ-Пластика» — клиника пластической хирургии, центр ...",,,Nofollow,,"2019-12-17 12:04:03","2020-03-26 13:15:09",,en,0,0,,9
158,18,27,8,0,http://www.med-catalog.com/catalog/category/hirurgiya/site/20120.html,"Центр пластической хирургии «СМ-Пластика» - Хирургия",56,4,http://sm-plastica.ru/,"Адрес сайта -",http://sm-plastica.ru,,"Dofollow, Content",,"2018-06-14 03:49:46","2020-04-18 19:53:00",,ru,0,0,,2
159,2,30,8,0,https://www.sm-estetica.ru/offers/7772/,"Позвольте себе большие возможности с «СМ-Пластика»! | Специальные предложения СМ-Косметология",24,16,http://sm-plastica.ru/stock/plastika-novie-tseni/,,"Узнать стоимость ...",,"Dofollow, Content",,"2019-02-28 16:37:27","2020-05-13 01:43:43",,ru,3.4,1,,13
160,1,30,8,0,http://www.finatica.com/companies/193612/news/2a730d76-aa41-4b7f-ad36-72ef74e3ae3c/,"Когда необходима блефаропластика",23,9,https://www.sm-plastica.ru/,,https://www.sm-plastica.ru,,Dofollow,,"2019-07-31 12:31:56","2020-05-20 04:32:43",,ru,0,0,,7
161,1,30,8,0,http://www.finatica.com/companies/193612/news/2a730d76-aa41-4b7f-ad36-72ef74e3ae3c/,"Когда необходима блефаропластика",23,9,https://www.sm-plastica.ru/patients/articles/kogda-nuzhna-blefaroplastika/,,https://www.sm-plastica.ru/patients/articles/kogda-nuzhna-blefaroplastika/,,Dofollow,,"2019-07-31 12:31:56","2020-05-20 04:32:43",,ru,0,0,,7
162,2,28,8,0,https://kiberis.ru/?c=4403,"СМ-Пластика на Клары Цеткин",112,6,http://sm-plastica.ru/,,sm-plastica.ru,,Nofollow,,"2020-05-16 13:01:41","2020-06-08 22:52:49",,,0,0,,4
163,2,29,8,0,http://sm-plastika-43504.pbuy.ru/contacts,"Контакты | «СМ-Пластика»",11,7,http://sm-plastica.ru/,"Центр пластической хирургии",«СМ-Пластика»,"выполняет эстетическую коррекцию контуров лица и тела, реконструктивную пластику ,","Dofollow, Content",,"2020-06-08 01:55:07","2020-06-08 01:55:07",,ru,0,0,,2
164,2,29,8,0,http://sm-plastika-43504.pbuy.ru/contacts,"Контакты | «СМ-Пластика»",11,7,http://sm-plastica.ru/services/rekonstruktivnaya-plastika/,"пластической хирургии «СМ-Пластика» выполняет эстетическую коррекцию контуров лица и тела,","реконструктивную пластику",", у странение посттравматических рубцов и дефектов , а также","Dofollow, Content",,"2020-06-08 01:55:07","2020-06-08 01:55:07",,ru,0,0,,2
165,2,29,8,0,http://sm-plastika-43504.pbuy.ru/contacts,"Контакты | «СМ-Пластика»",11,7,http://sm-plastica.ru/services/rekonstruktivnaya-plastika/rekonstruktsiya-posttravmaticheskikh-defektov/,"эстетическую коррекцию контуров лица и тела, реконструктивную пластику , у","странение посттравматических рубцов и дефектов",", а также совместные операции с врачами урологами, гинекологами, отоларингологами,","Dofollow, Content",,"2020-06-08 01:55:07","2020-06-08 01:55:07",,ru,0,0,,2
166,2,30,8,0,https://www.sm-estetica.ru/offers/2149/,"Акция «Неделя пластической хирургии для мужчин» | Специальные предложения СМ-Косметология",24,16,http://sm-plastica.ru/services/esteticheskaya-plastika/,:,mensplasticweek.smclinic.ru,,"Dofollow, Content",,"2019-02-28 23:15:40","2020-04-28 07:51:42",,ru,0,0,,13
167,4,30,8,0,https://www.sm-estetica.ru/offers/archiv/,"Архив акций",53,17,http://blefaroweek.sm-plastica.ru/,,,,"Dofollow, Content",,"2019-02-28 12:59:18","2020-06-05 02:08:53",,ru,0,0,,13
168,3,30,8,0,https://www.sm-estetica.ru/about/news/esteticheskiy-podarok-dlya-milykh-dam/,"Эстетический подарок для милых дам | Клиника «СМ-Косметология»",32,16,http://sm-plastica.ru/,,Подробности,"и запись на консультацию по телефону: +7 (499) 705-55-65.","Dofollow, Content",,"2019-03-05 13:22:00","2020-06-05 22:43:41",,ru,0,0,,13
169,3,30,8,0,https://www.sm-estetica.ru/services/face/plastic_surgery/,"Пластическая хирургия лица",86,29,http://sm-plastica.ru/services/podtyazhka-litsa-feyslifting/podtyazhka-brovey-lifting-pryamaya-i-endoskopicheskaya/,,"Подтяжка бровей",". Позволяет устранить провисание мягких тканей и изменить конфигурацию бровей.","Nofollow, Content",,"2019-02-28 02:34:17","2020-06-08 09:52:10",,ru,0,1,,13
170,3,30,8,0,https://www.sm-estetica.ru/services/face/plastic_surgery/,"Пластическая хирургия лица",86,29,http://sm-plastica.ru/services/podtyazhka-litsa-feyslifting/podtyazhka-kozhi-lba-pryamaya-i-endoskopicheskaya/,,"Подтяжка лба",". Операция, помогающая избавиться от хмурого, угрюмого вида, вызванного появлением","Nofollow, Content",,"2019-02-28 02:34:17","2020-06-08 09:52:10",,ru,0,1,,13
171,2,30,8,0,https://www.sm-estetica.ru/about/news/bezobidnaya-rodinka-ili-melanoma/,"Безобидная родинка или меланома? | Клиника «СМ-Косметология»",32,15,http://sm-plastica.ru/,"но не устраивающие вас исключительно эстетически, можно удалить. Пластические хирурги",«СМ-Пластика»,"могут это сделать как с помощью оперативной хирургии, так и","Dofollow, Content",,"2019-03-05 16:07:40","2020-06-05 22:42:49",,ru,0,0,,13
172,2,30,8,0,https://www.sm-estetica.ru/about/news/mechta-o-krasivoy-grudi-stanovitsya-realnostyu/,"Мечта о красивой груди становится реальностью | Клиника «СМ-Косметология»",31,16,http://sm-plastica.ru/stock/aktsiya-plastika-grudi-2018/,"2018 года по 20 января 2019 года в «СМ-Клиника» проходит","акция «Пластика груди».","В рамках акции на предоперационную подготовку и увеличение груди с","Dofollow, Content",,"2019-02-25 15:31:03","2020-06-05 13:34:12",,ru,0,0,,13
173,2,30,8,0,https://www.sm-estetica.ru/about/news/o-chem-molchat-muzhchiny/,"О чем молчат мужчины? | Клиника «СМ-Косметология»",32,16,http://sm-plastica.ru/services/esteticheskaya-plastika/,"телефону + 7 (495) 241 48 86 и на сайте",mensplasticweek.smclinic.ru,,"Dofollow, Content",,"2019-03-06 02:17:30","2020-06-05 19:01:52",,ru,0,0,,13
174,2,30,8,0,https://www.sm-estetica.ru/about/news/sm-plastika-priglashaet-v-gosti/,"«СМ-Пластика» приглашает в гости! | Клиника «СМ-Косметология»",32,16,http://sm-plastica.ru/about/press-center/news/sm-plastika-zhdet-v-gosti/,"Количество мест ограничено, поэтому спешите записаться и заполнить форму,","пройдя по ссылке",.,"Dofollow, Content",,"2019-03-05 16:02:21","2020-06-05 19:54:38",,ru,0.74,2,,13
175,2,30,8,0,https://www.sm-estetica.ru/services/body/plastic_surgery/,"Пластическая хирургия тела",85,20,http://sm-plastica.ru/services/plastika-grudi/,,"Пластика груди",". Все виды эстетики и реконструкции молочных желез: увеличение (аугментационная","Nofollow, Content",,"2019-02-28 04:03:13","2020-06-07 11:09:18",,ru,0,0,,13
176,2,30,8,0,https://www.sm-estetica.ru/services/body/plastic_surgery/,"Пластическая хирургия тела",85,20,http://sm-plastica.ru/services/plastika-tela/,,"Пластика тела",". Коррекция формы и объема различных зон с учетом индивидуальных","Nofollow, Content",,"2019-02-28 04:03:13","2020-06-07 11:09:18",,ru,0,0,,13
177,2,30,8,0,https://www.sm-estetica.ru/services/body/plastic_surgery/,"Пластическая хирургия тела",85,20,http://sm-plastica.ru/services/rekonstruktivnaya-plastika/rekonstruktsiya-posttravmaticheskikh-defektov/,,"Устранение дефектов мягких тканей",". Снижение выраженности шрамов и последствий травмирования кожи, придание рубцам","Nofollow, Content",,"2019-02-28 04:03:13","2020-06-07 11:09:18",,ru,0,0,,13
178,2,30,8,0,https://www.sm-estetica.ru/services/face/plastic_surgery/,"Пластическая хирургия лица",86,29,http://sm-plastica.ru/,,"Центра пластической хирургии «СМ-Пластика»",,"Dofollow, Content",,"2019-02-28 02:34:17","2020-06-08 09:52:10",,ru,0,1,,13
179,2,30,8,0,https://www.sm-estetica.ru/services/face/plastic_surgery/,"Пластическая хирургия лица",86,29,http://sm-plastica.ru/services/plastika-litsa-i-shei/plastika-nosa-rinoplastika/,,"Пластика носа (ринопластика)",". Операция по исправлению косметических недостатков, дефектов строения и последствий","Nofollow, Content",,"2019-02-28 02:34:17","2020-06-08 09:52:10",,ru,0,1,,13
180,2,30,8,0,https://www.sm-estetica.ru/services/face/plastic_surgery/,"Пластическая хирургия лица",86,29,http://sm-plastica.ru/services/plastika-ushey-otoplastika/,,"Пластика ушей (отопластика)",". Эстетическая коррекция формы, строения и расположения ушных раковин, устранение","Nofollow, Content",,"2019-02-28 02:34:17","2020-06-08 09:52:10",,ru,0,1,,13
181,2,30,8,0,https://www.sm-estetica.ru/services/face/plastic_surgery/,"Пластическая хирургия лица",86,29,http://sm-plastica.ru/services/plastika-vek-blefaroplastika/,,"Пластика век (блефаропластика)",". Самый быстрый способ омоложения, предусматривающий иссечение лишней кожи в","Nofollow, Content",,"2019-02-28 02:34:17","2020-06-08 09:52:10",,ru,0,1,,13
182,2,30,8,0,https://www.sm-estetica.ru/services/face/plastic_surgery/,"Пластическая хирургия лица",86,29,http://sm-plastica.ru/services/podtyazhka-litsa-feyslifting/,"Подтяжка мягких тканей лица (",фейслифтинг,"). Омолаживающая пластика, представляющая собой комплексный лифтинг, устранение дряблости и","Nofollow, Content",,"2019-02-28 02:34:17","2020-06-08 09:52:10",,ru,0,1,,13
183,16,27,8,0,http://www.med-catalog.com/catalog/countries/russia/site/20122.html,"Хотите идеальный носик?",167,4,http://sm-plastica.ru/,В,«СМ-Пластика»,"вы можете получить подробные консультации и сделать пластику носа любого","Dofollow, Content",,"2018-05-20 14:34:34","2020-05-19 09:51:51",,ru,0,0,,2
184,16,27,8,0,http://www.med-catalog.com/catalog/countries/russia/site/19883.html,"Геометрия тела",167,8,http://sm-plastica.ru/services/plastika-grudi/,"К сожалению, многие дамы опасаются прибегать к",маммопластике,"— операции по коррекции груди с помощью имплантатов, считая, что","Dofollow, Content",,"2018-05-18 22:44:19","2020-05-13 14:11:20",,ru,0,0,,2
185,16,27,8,0,http://www.med-catalog.com/catalog/countries/russia/site/19883.html,"Геометрия тела",167,8,http://sm-plastica.ru/services/plastika-tela/plastika-zhivota-abdominoplastika/,,"ластики — пластики живота",". После этой операции вы избавитесь от растяжек, «фартука», подтянете","Dofollow, Content",,"2018-05-18 22:44:19","2020-05-13 14:11:20",,ru,0,0,,2
186,16,27,8,0,http://www.med-catalog.com/catalog/countries/russia/site/19883.html,"Геометрия тела",167,8,http://sm-plastica.ru/services/plastika-tela/uvelichenie-yagodits-glyuteoplastika/,"что, к примеру, притягательный зад Дженнифер Лопес — это продукт","пластики ягодиц",.,"Dofollow, Content",,"2018-05-18 22:44:19","2020-05-13 14:11:20",,ru,0,0,,2
187,12,27,8,0,http://www.med-catalog.com/catalog/countries/russia/site/19965.html,"На 20 лет моложе",167,4,http://sm-plastica.ru/services/podtyazhka-litsa-feyslifting/,"Для проведения эндоскопической","подтяжки лица","и шеи используют эндоскоп (оптоволоконный прибор для диагностики внутренних органов)","Dofollow, Content",,"2018-05-23 18:29:45","2020-05-12 02:16:43",,ru,0,0,,2
188,2,29,8,0,https://kliniki.ru/c-tsentr-plasticheskoi-hirurgii-sm-plastika,"Центр пластической хирургии СМ-Пластика, улица Клары Цеткин, 33, корп. 28 | Клиники.ру",545,6,http://sm-plastica.ru/,"Центр пластической хирургии",«СМ-Пластика»,"выполняет эстетическую коррекцию контуров лица и тела, реконструктивную пластику ,","Dofollow, Content",,"2020-02-13 00:47:56","2020-05-30 15:14:56",,ru,0,0,,1
189,2,29,8,0,https://kliniki.ru/c-tsentr-plasticheskoi-hirurgii-sm-plastika,"Центр пластической хирургии СМ-Пластика, улица Клары Цеткин, 33, корп. 28 | Клиники.ру",545,6,http://sm-plastica.ru/services/rekonstruktivnaya-plastika/,"пластической хирургии «СМ-Пластика» выполняет эстетическую коррекцию контуров лица и тела,","реконструктивную пластику",", у странение посттравматических рубцов и дефектов , а также","Dofollow, Content",,"2020-02-13 00:47:56","2020-05-30 15:14:56",,ru,0,0,,1
190,2,29,8,0,https://kliniki.ru/c-tsentr-plasticheskoi-hirurgii-sm-plastika,"Центр пластической хирургии СМ-Пластика, улица Клары Цеткин, 33, корп. 28 | Клиники.ру",545,6,http://sm-plastica.ru/services/rekonstruktivnaya-plastika/rekonstruktsiya-posttravmaticheskikh-defektov/,"эстетическую коррекцию контуров лица и тела, реконструктивную пластику , у","странение посттравматических рубцов и дефектов",", а также совместные операции с врачами урологами, гинекологами, отоларингологами,","Dofollow, Content",,"2020-02-13 00:47:56","2020-05-30 15:14:56",,ru,0,0,,1
191,14,19,8,0,https://loronline.ru/clinic?p=54,"Лор клиники,больницы и поликлиники",42,6,http://sm-plastica.ru/,,sm-plastica.ru,,Dofollow,,"2020-02-06 03:42:42","2020-04-20 19:19:54",,,0,1,,3
192,64,27,8,0,http://estetmedicina.ru/forum/messages/forum37/topic682/message20375/,"Блефаропластика хирург - посоветуйте | Форум Estetmedicina.ru",218,9,http://sm-plastica.ru/services/plastika-vek-blefaroplastika/,,http://sm-plastica.ru/services/plastika-vek-blefaroplastika/,,Nofollow,,"2020-05-08 21:43:59","2020-05-08 21:43:59",,ru,0,0,,6
193,1,7,7,0,https://www.5dollarsite.com/search/пластическая-хирургия,"пластическая хирургия | «СМ-Пластика»",27,10,https://www.sm-plastica.ru/,"«СМ-Пластика» — клиника пластической хирургии, центр ...",,,Nofollow,,"2020-04-04 18:11:50","2020-04-04 18:11:50",,en,0,0,,8
194,5,27,7,0,http://medexp.ru/clinic/tsentr-plasticheskoy-hirurgii-sm-plastika-19301.html,"Центр пластической хирургии «СМ-Пластика» г. Москва",45,104,http://sm-plastica.ru/services/simultannye-operatsii/rinoplastika-s-gaymorotomiey/,,"РИНОПЛАСТИКА С ГАЙМОРОТОМИЕЙ",,Dofollow,,"2019-03-22 04:54:42","2020-06-03 12:59:37",,ru,0,0,,7
195,4,27,7,0,http://medexp.ru/clinic/tsentr-plasticheskoy-hirurgii-sm-plastika-19301.html,"Центр пластической хирургии «СМ-Пластика» г. Москва",45,104,http://sm-plastica.ru/services/liiposaktsiya/,,Липосакция,,Dofollow,,"2019-03-22 04:54:42","2020-06-03 12:59:37",,ru,0,0,,7
196,4,27,7,0,http://medexp.ru/clinic/tsentr-plasticheskoy-hirurgii-sm-plastika-19301.html,"Центр пластической хирургии «СМ-Пластика» г. Москва",45,104,http://sm-plastica.ru/services/plastika-litsa-i-shei/plastika-gub/,,"Пластика губ",,Dofollow,,"2019-03-22 04:54:42","2020-06-03 12:59:37",,ru,0,0,,7
197,3,27,7,0,http://medexp.ru/clinic/tsentr-plasticheskoy-hirurgii-sm-plastika-19301.html,"Центр пластической хирургии «СМ-Пластика» г. Москва",45,104,http://sm-plastica.ru/services/simultannye-operatsii/rinoplastika-s-vazotomiey/,,"РИНОПЛАСТИКА С ВАЗОТОМИЕЙ",,Dofollow,,"2019-03-22 04:54:42","2020-06-03 12:59:37",,ru,0,0,,7
198,2,27,7,0,http://medexp.ru/clinic/tsentr-plasticheskoy-hirurgii-sm-plastika-19301.html,"Центр пластической хирургии «СМ-Пластика» г. Москва",45,104,http://sm-plastica.ru/,,«СМ-Пластика»,"— центр пластической хирургии, основными направлениями деятельности которого являются эстетические","Dofollow, Content",,"2019-03-22 04:54:42","2020-06-03 12:59:37",,ru,0,0,,7
199,2,27,7,0,http://medexp.ru/clinic/tsentr-plasticheskoy-hirurgii-sm-plastika-19301.html,"Центр пластической хирургии «СМ-Пластика» г. Москва",45,104,http://sm-plastica.ru/services/intimnaya-plastika-dlya-zhenshchin/,,"ИНТИМНАЯ ПЛАСТИКА ДЛЯ ЖЕНЩИН",,Dofollow,,"2019-03-22 04:54:42","2020-06-03 12:59:37",,ru,0,0,,7
200,2,27,7,0,http://medexp.ru/clinic/tsentr-plasticheskoy-hirurgii-sm-plastika-19301.html,"Центр пластической хирургии «СМ-Пластика» г. Москва",45,104,http://sm-plastica.ru/services/plastika-grudi/,,"ПЛАСТИКА ГРУДИ",,Dofollow,,"2019-03-22 04:54:42","2020-06-03 12:59:37",,ru,0,0,,7
201,2,27,7,0,http://medexp.ru/clinic/tsentr-plasticheskoy-hirurgii-sm-plastika-19301.html,"Центр пластической хирургии «СМ-Пластика» г. Москва",45,104,http://sm-plastica.ru/services/plastika-grudi/korrektsiya-rubtsov-posle-mammoplastiki/,,"Коррекция рубцов после маммопластики",,Dofollow,,"2019-03-22 04:54:42","2020-06-03 12:59:37",,ru,0,0,,7
202,2,27,7,0,http://medexp.ru/clinic/tsentr-plasticheskoy-hirurgii-sm-plastika-19301.html,"Центр пластической хирургии «СМ-Пластика» г. Москва",45,104,http://sm-plastica.ru/services/plastika-grudi/korrektsiya-soskovo-areolyarnogo-kompleksa/,,"Коррекция сосково-ареолярного комплекса",,Dofollow,,"2019-03-22 04:54:42","2020-06-03 12:59:37",,ru,0,0,,7
203,2,27,7,0,http://medexp.ru/clinic/tsentr-plasticheskoy-hirurgii-sm-plastika-19301.html,"Центр пластической хирургии «СМ-Пластика» г. Москва",45,104,http://sm-plastica.ru/services/plastika-grudi/lipofiling-grudi/,,"Липофилинг груди",,Dofollow,,"2019-03-22 04:54:42","2020-06-03 12:59:37",,ru,0,0,,7
204,2,27,7,0,http://medexp.ru/clinic/tsentr-plasticheskoy-hirurgii-sm-plastika-19301.html,"Центр пластической хирургии «СМ-Пластика» г. Москва",45,104,http://sm-plastica.ru/services/plastika-grudi/podtyazhka-grudi-mastopeksiya/,,"Подтяжка груди (мастопексия)",,Dofollow,,"2019-03-22 04:54:42","2020-06-03 12:59:37",,ru,0,0,,7
205,2,27,7,0,http://medexp.ru/clinic/tsentr-plasticheskoy-hirurgii-sm-plastika-19301.html,"Центр пластической хирургии «СМ-Пластика» г. Москва",45,104,http://sm-plastica.ru/services/plastika-grudi/reendoprotezirovanie-molochnykh-zhelez/,,"Реэндопротезирование молочных желез",,Dofollow,,"2019-03-22 04:54:42","2020-06-03 12:59:37",,ru,0,0,,7
206,2,27,7,0,http://medexp.ru/clinic/tsentr-plasticheskoy-hirurgii-sm-plastika-19301.html,"Центр пластической хирургии «СМ-Пластика» г. Москва",45,104,http://sm-plastica.ru/services/plastika-grudi/udalenie-biogelya-iz-grudi/,,"Удаление биогеля из груди",,Dofollow,,"2019-03-22 04:54:42","2020-06-03 12:59:37",,ru,0,0,,7
207,2,27,7,0,http://medexp.ru/clinic/tsentr-plasticheskoy-hirurgii-sm-plastika-19301.html,"Центр пластической хирургии «СМ-Пластика» г. Москва",45,104,http://sm-plastica.ru/services/plastika-grudi/udalenie-implantov/,,"Удаление имплантов",,Dofollow,,"2019-03-22 04:54:42","2020-06-03 12:59:37",,ru,0,0,,7
208,2,27,7,0,http://medexp.ru/clinic/tsentr-plasticheskoy-hirurgii-sm-plastika-19301.html,"Центр пластической хирургии «СМ-Пластика» г. Москва",45,104,http://sm-plastica.ru/services/plastika-grudi/umenshenie-grudi-reduktsionnaya-mammoplastika/,,"Уменьшение груди (редукционная маммопластика)",,Dofollow,,"2019-03-22 04:54:42","2020-06-03 12:59:37",,ru,0,0,,7
209,2,27,7,0,http://medexp.ru/clinic/tsentr-plasticheskoy-hirurgii-sm-plastika-19301.html,"Центр пластической хирургии «СМ-Пластика» г. Москва",45,104,http://sm-plastica.ru/services/plastika-grudi/umenshenie-grudi-u-muzhchin-ginekomastiya/,,"Уменьшение груди у мужчин (гинекомастия)",,Dofollow,,"2019-03-22 04:54:42","2020-06-03 12:59:37",,ru,0,0,,7
210,2,27,7,0,http://medexp.ru/clinic/tsentr-plasticheskoy-hirurgii-sm-plastika-19301.html,"Центр пластической хирургии «СМ-Пластика» г. Москва",45,104,http://sm-plastica.ru/services/plastika-grudi/uvelichenie-grudi-augmentatsionnaya-mammoplastika/,,"Увеличение груди (аугментационная маммопластика)",,Dofollow,,"2019-03-22 04:54:42","2020-06-03 12:59:37",,ru,0,0,,7
211,2,27,7,0,http://medexp.ru/clinic/tsentr-plasticheskoy-hirurgii-sm-plastika-19301.html,"Центр пластической хирургии «СМ-Пластика» г. Москва",45,104,http://sm-plastica.ru/services/plastika-grudi/vosstanovlenie-molochnoy-zhelezy-rekonstruktivnaya-mammoplastika/,,"Восстанавливающая маммопластика",,Dofollow,,"2019-03-22 04:54:42","2020-06-03 12:59:37",,ru,0,0,,7
212,2,27,7,0,http://medexp.ru/clinic/tsentr-plasticheskoy-hirurgii-sm-plastika-19301.html,"Центр пластической хирургии «СМ-Пластика» г. Москва",45,104,http://sm-plastica.ru/services/plastika-litsa-i-shei/,,"ПЛАСТИКА ЛИЦА И ШЕИ",,Dofollow,,"2019-03-22 04:54:42","2020-06-03 12:59:37",,ru,0,0,,7
213,2,27,7,0,http://medexp.ru/clinic/tsentr-plasticheskoy-hirurgii-sm-plastika-19301.html,"Центр пластической хирургии «СМ-Пластика» г. Москва",45,104,http://sm-plastica.ru/services/plastika-litsa-i-shei/endoprotezirovanie-skul/,,"Эндопротезирование скул",,Dofollow,,"2019-03-22 04:54:42","2020-06-03 12:59:37",,ru,0,0,,7
214,2,27,7,0,http://medexp.ru/clinic/tsentr-plasticheskoy-hirurgii-sm-plastika-19301.html,"Центр пластической хирургии «СМ-Пластика» г. Москва",45,104,http://sm-plastica.ru/services/plastika-litsa-i-shei/lazernyy-lipoliz/,,"Лазерный липолиз",,Dofollow,,"2019-03-22 04:54:42","2020-06-03 12:59:37",,ru,0,0,,7
215,2,27,7,0,http://medexp.ru/clinic/tsentr-plasticheskoy-hirurgii-sm-plastika-19301.html,"Центр пластической хирургии «СМ-Пластика» г. Москва",45,104,http://sm-plastica.ru/services/plastika-litsa-i-shei/lipofiling-litsa/,,"Липофилинг лица",,Dofollow,,"2019-03-22 04:54:42","2020-06-03 12:59:37",,ru,0,0,,7
216,2,27,7,0,http://medexp.ru/clinic/tsentr-plasticheskoy-hirurgii-sm-plastika-19301.html,"Центр пластической хирургии «СМ-Пластика» г. Москва",45,104,http://sm-plastica.ru/services/plastika-litsa-i-shei/plastika-nosa-rinoplastika/,,"Пластика носа (ринопластика)",,Dofollow,,"2019-03-22 04:54:42","2020-06-03 12:59:37",,ru,0,0,,7
217,2,27,7,0,http://medexp.ru/clinic/tsentr-plasticheskoy-hirurgii-sm-plastika-19301.html,"Центр пластической хирургии «СМ-Пластика» г. Москва",45,104,http://sm-plastica.ru/services/plastika-litsa-i-shei/udalenie-biogelya-iz-gub/,,"Удаление биогеля из губ",,Dofollow,,"2019-03-22 04:54:42","2020-06-03 12:59:37",,ru,0,0,,7
218,2,27,7,0,http://medexp.ru/clinic/tsentr-plasticheskoy-hirurgii-sm-plastika-19301.html,"Центр пластической хирургии «СМ-Пластика» г. Москва",45,104,http://sm-plastica.ru/services/plastika-tela/,,"ПЛАСТИКА ТЕЛА",,Dofollow,,"2019-03-22 04:54:42","2020-06-03 12:59:37",,ru,0,0,,7
219,2,27,7,0,http://medexp.ru/clinic/tsentr-plasticheskoy-hirurgii-sm-plastika-19301.html,"Центр пластической хирургии «СМ-Пластика» г. Москва",45,104,http://sm-plastica.ru/services/plastika-tela/korrektsiya-pupka-umbilikoplastika/,,"Коррекция пупка",,Dofollow,,"2019-03-22 04:54:42","2020-06-03 12:59:37",,ru,0,0,,7
220,2,27,7,0,http://medexp.ru/clinic/tsentr-plasticheskoy-hirurgii-sm-plastika-19301.html,"Центр пластической хирургии «СМ-Пластика» г. Москва",45,104,http://sm-plastica.ru/services/plastika-tela/korrektsiya-rubtsov/,,"Коррекция рубцов",,Dofollow,,"2019-03-22 04:54:42","2020-06-03 12:59:37",,ru,0,0,,7
221,2,27,7,0,http://medexp.ru/clinic/tsentr-plasticheskoy-hirurgii-sm-plastika-19301.html,"Центр пластической хирургии «СМ-Пластика» г. Москва",45,104,http://sm-plastica.ru/services/plastika-tela/lazernoe-lechenie-gipergidroza/,,"Лазерное лечение гипергидроза (повышенной потливости)",,Dofollow,,"2019-03-22 04:54:42","2020-06-03 12:59:37",,ru,0,0,,7
222,2,27,7,0,http://medexp.ru/clinic/tsentr-plasticheskoy-hirurgii-sm-plastika-19301.html,"Центр пластической хирургии «СМ-Пластика» г. Москва",45,104,http://sm-plastica.ru/services/plastika-tela/lipofiling/,,Липофилинг,,Dofollow,,"2019-03-22 04:54:42","2020-06-03 12:59:37",,ru,0,0,,7
223,2,27,7,0,http://medexp.ru/clinic/tsentr-plasticheskoy-hirurgii-sm-plastika-19301.html,"Центр пластической хирургии «СМ-Пластика» г. Москва",45,104,http://sm-plastica.ru/services/plastika-tela/plastika-zhivota-abdominoplastika/,,"Пластика живота (абдоминопластика)",,Dofollow,,"2019-03-22 04:54:42","2020-06-03 12:59:37",,ru,0,0,,7
224,2,27,7,0,http://medexp.ru/clinic/tsentr-plasticheskoy-hirurgii-sm-plastika-19301.html,"Центр пластической хирургии «СМ-Пластика» г. Москва",45,104,http://sm-plastica.ru/services/plastika-tela/podtyazhka-beder-femoroplastika/,,"Подтяжка бедер (феморопластика)",,Dofollow,,"2019-03-22 04:54:42","2020-06-03 12:59:37",,ru,0,0,,7
225,2,27,7,0,http://medexp.ru/clinic/tsentr-plasticheskoy-hirurgii-sm-plastika-19301.html,"Центр пластической хирургии «СМ-Пластика» г. Москва",45,104,http://sm-plastica.ru/services/plastika-tela/podtyazhka-kozhi-ruk-i-plechey-brakhioplastika/,,"Подтяжка мягких тканей плеч и рук (брахиопластика)",,Dofollow,,"2019-03-22 04:54:42","2020-06-03 12:59:37",,ru,0,0,,7
226,2,27,7,0,http://medexp.ru/clinic/tsentr-plasticheskoy-hirurgii-sm-plastika-19301.html,"Центр пластической хирургии «СМ-Пластика» г. Москва",45,104,http://sm-plastica.ru/services/plastika-tela/torsoplastika-bodilifting/,,"Торсопластика (бодилифтинг)",,Dofollow,,"2019-03-22 04:54:42","2020-06-03 12:59:37",,ru,0,0,,7
227,2,27,7,0,http://medexp.ru/clinic/tsentr-plasticheskoy-hirurgii-sm-plastika-19301.html,"Центр пластической хирургии «СМ-Пластика» г. Москва",45,104,http://sm-plastica.ru/services/plastika-tela/udalenie-biogelya-iz-yagodits-i-goleney/,,"Удаление биогеля из ягодиц и голеней",,Dofollow,,"2019-03-22 04:54:42","2020-06-03 12:59:37",,ru,0,0,,7
228,2,27,7,0,http://medexp.ru/clinic/tsentr-plasticheskoy-hirurgii-sm-plastika-19301.html,"Центр пластической хирургии «СМ-Пластика» г. Москва",45,104,http://sm-plastica.ru/services/plastika-tela/udalenie-dobrokachestvennykh-novoobrazovaniy/,,"Удаление доброкачественных новообразований",,Dofollow,,"2019-03-22 04:54:42","2020-06-03 12:59:37",,ru,0,0,,7
229,2,27,7,0,http://medexp.ru/clinic/tsentr-plasticheskoy-hirurgii-sm-plastika-19301.html,"Центр пластической хирургии «СМ-Пластика» г. Москва",45,104,http://sm-plastica.ru/services/plastika-tela/uvelichenie-goleney-kruroplastika/,,"Увеличение голеней (круропластика)",,Dofollow,,"2019-03-22 04:54:42","2020-06-03 12:59:37",,ru,0,0,,7
230,2,27,7,0,http://medexp.ru/clinic/tsentr-plasticheskoy-hirurgii-sm-plastika-19301.html,"Центр пластической хирургии «СМ-Пластика» г. Москва",45,104,http://sm-plastica.ru/services/plastika-tela/uvelichenie-yagodits-glyuteoplastika/,,"Увеличение ягодиц (глютеопластика)",,Dofollow,,"2019-03-22 04:54:42","2020-06-03 12:59:37",,ru,0,0,,7
231,2,27,7,0,http://medexp.ru/clinic/tsentr-plasticheskoy-hirurgii-sm-plastika-19301.html,"Центр пластической хирургии «СМ-Пластика» г. Москва",45,104,http://sm-plastica.ru/services/plastika-ushey-otoplastika/,,"Пластика ушей (отопластика)",,Dofollow,,"2019-03-22 04:54:42","2020-06-03 12:59:37",,ru,0,0,,7
232,2,27,7,0,http://medexp.ru/clinic/tsentr-plasticheskoy-hirurgii-sm-plastika-19301.html,"Центр пластической хирургии «СМ-Пластика» г. Москва",45,104,http://sm-plastica.ru/services/plastika-vek-blefaroplastika/,,"Пластика век (блефаропластика)",,Dofollow,,"2019-03-22 04:54:42","2020-06-03 12:59:37",,ru,0,0,,7
233,2,27,7,0,http://medexp.ru/clinic/tsentr-plasticheskoy-hirurgii-sm-plastika-19301.html,"Центр пластической хирургии «СМ-Пластика» г. Москва",45,104,http://sm-plastica.ru/services/podtyazhka-litsa-feyslifting/,,"Подтяжка лица (фейслифтинг)",,Dofollow,,"2019-03-22 04:54:42","2020-06-03 12:59:37",,ru,0,0,,7
234,2,27,7,0,http://medexp.ru/clinic/tsentr-plasticheskoy-hirurgii-sm-plastika-19301.html,"Центр пластической хирургии «СМ-Пластика» г. Москва",45,104,http://sm-plastica.ru/services/rekonstruktivnaya-plastika/,"центр пластической хирургии, основными направлениями деятельности которого являются эстетические и","реконструктивные операции","по коррекции внешности и фигуры.","Dofollow, Content",,"2019-03-22 04:54:42","2020-06-03 12:59:37",,ru,0,0,,7
235,2,27,7,0,http://medexp.ru/clinic/tsentr-plasticheskoy-hirurgii-sm-plastika-19301.html,"Центр пластической хирургии «СМ-Пластика» г. Москва",45,104,http://sm-plastica.ru/services/rekonstruktivnaya-plastika/rekonstruktsiya-posttravmaticheskikh-defektov/,"эстетическую коррекцию контуров лица и тела, реконструктивную пластику , у","странение посттравматических рубцов и дефектов",", а также совместные операции с врачами урологами, гинекологами, отоларингологами,","Dofollow, Content",,"2019-03-22 04:54:42","2020-06-03 12:59:37",,ru,0,0,,7
236,2,27,7,0,http://medexp.ru/clinic/tsentr-plasticheskoy-hirurgii-sm-plastika-19301.html,"Центр пластической хирургии «СМ-Пластика» г. Москва",45,104,http://sm-plastica.ru/services/simultannye-operatsii/abdominoplastika-prigryzhesechenii/,,"АБДОМИНОПЛАСТИКА ПРИ ГРЫЖЕСЕЧЕНИИ",,Dofollow,,"2019-03-22 04:54:42","2020-06-03 12:59:37",,ru,0,0,,7
237,2,27,7,0,http://medexp.ru/clinic/tsentr-plasticheskoy-hirurgii-sm-plastika-19301.html,"Центр пластической хирургии «СМ-Пластика» г. Москва",45,104,http://sm-plastica.ru/services/simultannye-operatsii/rinoseptoplastika/,​,РИНОСЕПТОПЛАСТИКА,,Dofollow,,"2019-03-22 04:54:42","2020-06-03 12:59:37",,ru,0,0,,7
238,1,27,7,0,http://medexp.ru/clinic/tsentr-plasticheskoy-hirurgii-sm-plastika-19301.html,"Центр пластической хирургии «СМ-Пластика» г. Москва",45,104,http://sm-plastica.ru/services/esteticheskaya-plastika/,"«СМ-Пластика» — центр пластической хирургии, основными направлениями деятельности которого являются",эстетические,"и реконструктивные операции по коррекции внешности и фигуры.",Dofollow,,"2019-03-22 04:54:42","2020-06-03 12:59:37",,ru,0,0,,7
239,2,25,7,0,https://locatus.ru/blefaroplastika/obshchaya-anasteziya/,"Блефаропластика под общим наркозом в Москве от 7 организаций, адреса на карте, телефоны",203,43,http://sm-plastica.ru/,,http://sm-plastica.ru,,Dofollow,,"2020-06-14 23:23:00","2020-06-14 23:23:00",,ru,0,0,,17
240,4,12,7,0,http://pechatniki.info/orgs/press/item-27730?actorId=17238973,"Пресс-релизы - Фирмы - Район Печатники",30,3,http://sm-plastica.ru/stock/plastika-grudi/,"Хотите знать подробности? Заходите:",sm-plastica.ru/stock/plastika-grudi,,Nofollow,,"2020-02-23 11:56:52","2020-03-18 15:59:09",,ru,0,0,,2
241,4,23,7,0,https://cheb.a410.ru/allspecialists/surgeons/saratovtsev-dmitrij-mikhajlovich.html,"Саратовцев Дмитрий Михайлович - А410 - вся продукция Allergan в Чебоксарах",35,11,http://sm-plastica.ru/experts/saratovtsev-dmitriy-mikhaylovich/,WEB:,"перейти на сайт",,Nofollow,,"2018-02-08 21:50:12","2020-03-23 22:58:54",,ru,0,0,,8
242,2,22,7,0,https://sprosidoktora.ru/healthcare/view/7892/,"Центр пластической хирургии «СМ-Пластика» в Россия, г. Москва - Медицинские учреждения",110,9,http://sm-plastica.ru/,,http://sm-plastica.ru,,"Nofollow, Content",,"2018-04-12 15:05:56","2020-06-09 01:10:23",,ru,0,0,,4
243,2,12,7,0,http://m.koptevo.info/orgs/press/item-27730?actorId=17238974,"Пресс-релизы - Фирмы - Район Коптево",30,3,http://sm-plastica.ru/stock/plastika-grudi/,"Хотите знать подробности? Заходите:",sm-plastica.ru/stock/plastika-grudi,,Nofollow,,"2019-05-26 16:42:25","2019-05-26 16:42:25",,ru,0,0,,2
244,4,21,7,0,http://omedrec.com/sm-plastica,"Центр пластической хирургии «СМ-Пластика» - Москва - Omedrec",18,6,https://sm-plastica.ru/,,https://sm-plastica.ru,,Nofollow,,"2019-12-30 14:47:06","2020-06-09 23:40:30",,,0,0,,4
245,4,16,7,0,https://www.infomesto.com/Москва/Медицина_Здоровье_Красота/Пластическая_хирургия_page_16,"Пластическая хирургия в г. Москва - часы и режим работы",54,31,https://sm-plastica.ru/,,"Посетить сайт",,Nofollow,,"2020-01-19 07:16:51","2020-04-08 05:48:00",,ru,0,0,,16
246,2,17,7,0,https://catalog-777.com/predpriyatie/458898/,"Центр пластической хирургии «СМ-Пластика»",32,2,http://sm-plastica.ru/,,sm-plastica.ru,,Nofollow,,"2017-07-12 04:45:17","2020-05-29 02:58:54",,ru,0,0,,1
247,1,17,7,0,https://catalog-777.com/gotourl/aHR0cDovL3NtLXBsYXN0aWNhLnJ1/,,0,1,http://sm-plastica.ru/,,,,"Dofollow, Redirect",,"2017-07-11 17:13:12","2020-04-30 17:34:08",,,0,0,,1
248,2,17,7,0,https://endo-parts.ru/company/partners/,"Партнеры - Endo-parts",60,15,http://sm-plastica.ru/,,http://sm-plastica.ru,,Nofollow,,"2020-05-21 22:51:03","2020-06-14 13:58:34",,ru,0,0,,7
249,2,18,7,0,https://www.krasota-na-million.ru/5-sezon/anastasiya-put-k-sovershenstvu/,"Анастасия. Путь к совершенству - КРАСОТА НА МИЛЛИОН",65,34,http://sm-plastica.ru/,,"Клиника «СМ-Пластика»","и персонально пластические хирурги Христенко Анна Ивановна и Пахилин Дмитрий","Dofollow, Content",,"2020-01-22 16:07:15","2020-05-30 04:34:14",,ru,0,0,,17
250,3,16,7,0,https://www.zdravosil.ru/n/r/292386-liposakciya-v-moskve.html,"Липосакция в москве",201,7,http://www.sm-plastica.ru/services/liiposaktsiya/liposaktsiya-zhivota/,Источник:,"ссылка на страницу",,"Dofollow, Content",,"2020-02-21 20:32:40","2020-04-23 12:04:21",,ru,0,0,,4
251,3,13,7,0,https://serebryaniy-bereg.ru/blefaroplastika-tsena-v-moskve/,"блефаропластика цена в москве – serebryaniy-bereg.ru",31,103,https://www.sm-plastica.ru/upload/iblock/6d6/6d6155a7ef3e6aa8cbb3dc941e6a95c8.jpg,,,,"Dofollow, Image, Content",,"2019-12-12 08:41:11","2019-12-12 08:41:11",,sl,0,0,,69
252,10,9,7,0,http://plastic-review.com/publications/date/2015-04-21/?offset=150,"Риносептопластика: ценность открытия",59,9,https://www.sm-plastica.ru/services/plastika-litsa-i-shei/plastika-nosa-rinoplastika/,,Риносептопластика,"поддерживает структурное единство носа и создает крепкий, функциональный, эстетически приятный","Dofollow, Content",,"2019-10-03 11:02:00","2019-12-13 21:49:39",,ru,0,0,,5
253,1,13,7,0,http://hitech.domstatey.ru/link/56095,"глютеопластика - Высокие технологии",9,3,https://www.sm-plastica.ru/services/plastika-tela/uvelichenie-yagodits-glyuteoplastika/,,глютеопластика,,Dofollow,,"2020-05-05 21:27:15","2020-05-05 21:27:15",,ru,0,0,,3
254,2,12,7,0,http://m.begovoy.ru/orgs/press/item-29140?actorId=17238983,"Пресс-релизы - Фирмы - Район Беговой",29,3,http://sm-plastica.ru/stock/plastika-novie-tseni/,"Оцените привлекательность цен:",sm-plastica.ru/stock/plastika-novie-tseni,,Nofollow,,"2019-09-16 13:46:51","2020-03-05 17:58:52",,ru,0,0,,2
255,4,16,7,0,http://bpages.ru/card/6696248/,"СМ-Пластика, ООО - Клиники - Каталог предприятий Bpages.ru",55,5,http://sm-plastica.ru/,,http://sm-plastica.ru,,Nofollow,,"2019-02-22 11:56:04","2020-05-10 05:10:18",,ru,0,0,,3
256,1,12,7,0,http://m.begovoy.ru/orgs/press/item-53557?actorId=17238983,"Пресс-релизы - Фирмы - Район Беговой",29,1,https://www.sm-plastica.ru/,"Подробнее о пластической хирургии:",sm-plastica.ru,,Nofollow,,"2019-08-05 03:11:00","2020-02-03 17:17:30",,ru,0,0,,1
257,1,13,7,0,https://serebryaniy-bereg.ru/plastika-verkhnego-veka/,"пластика верхнего века – serebryaniy-bereg.ru",32,103,https://www.sm-plastica.ru/upload/iblock/4b1/4b159e16d321489ecfb7a7bebaae5d66.jpg,,"~image credit",,"Dofollow, Image, Content",,"2020-01-09 16:04:36","2020-01-09 16:04:36",,et,0,0,,74
258,18,14,6,0,https://www.press-release.com.ua/releases/view/131320/,"[443] «СМ-Пластика» предоставляет бесплатные консультации пластических хирургов – Пресс-релизы – Служба доставки пресс-релизов",787,3,http://sm-plastica.ru/,Сайт:,http://sm-plastica.ru,,Nofollow,,"2018-12-10 15:58:13","2020-05-31 05:00:19",,ru,0,0,,2
259,2,8,6,0,https://seoaudit.online/smclinic.ru,"Smclinic.ru - Результаты анализа сайта",38,60,http://sm-plastica.ru/services/esteticheskaya-plastika/,,"Пластическая хирургия",,Nofollow,,"2019-07-03 11:16:04","2019-09-22 14:23:07",,ru,0,0,,13
260,12,10,6,0,https://bisgis.ru/item/page/89/,"Пункты - Страница 89 из 149 - BisGis",83,30,http://sm-plastica.ru/,,http://sm-plastica.ru,,Nofollow,,"2019-02-24 00:42:56","2020-06-06 01:21:21",,ru,0,0,,14
261,2,8,6,0,https://mosmediki.ru/listings/sm-plastica/,"Центр пластической хирургии «СМ-Пластика» | МосМедики",48,4,http://sm-plastica.ru/,,"Перейти на сайт",,"Dofollow, Content",,"2020-01-14 01:39:18","2020-06-13 15:10:50",,ru,0,0,,3
262,2,6,6,0,https://letsearch.ru/siteinfo/50077105/similar,"Maya-clinic.ru - похожие сайты, конкуренты | LetSearch.ru",26,14,https://sm-plastica.ru/,,sm-plastica.ru,,Nofollow,,"2020-02-06 18:46:06","2020-05-03 10:27:05",,ru,0,0,,11
263,2,0,6,4,http://alcofans.ru/grud.txt_result/result.html,,0,4880,http://sm-plastica.ru/,643.,sm-plastica.ru,,"Dofollow, Content",,"2018-11-22 03:27:27","2020-05-07 19:32:29",,,0,0,,3522
264,4,9,6,0,https://mybreast.ru/users/sm-plastika,СМ-Пластика,58,11,http://sm-plastica.ru/,,sm-plastica.ru,,Dofollow,,"2019-09-09 12:45:39","2020-05-30 20:26:24",,ru,0,0,,9
265,3,8,6,0,http://plastinform.ru/inform/detail/73833,"Галия Саратовцева о плюсах и минусах липосакции",96,8,http://www.sm-plastica.ru/services/liiposaktsiya/liposaktsiya-zhivota/,,Липосакция,"— это пластическая операция, направленная на улучшение контуров тела путем удаления","Dofollow, Content",,"2019-10-16 12:36:23","2020-04-23 08:09:48",,ru,0,0,,5
266,8,7,6,0,http://p-release.ru/medicina-i-farmacevtika-krasota-i-zdorove/sm-plastika-premiya-luchshiy-plasticheskiy-hirurg-goda,"«СМ-Пластика»: премия «Лучший пластический хирург года» | Все пресс-релизы - бесплатная публикация пресс-релизов",39,4,http://sm-plastica.ru/,,http://sm-plastica.ru,,"Dofollow, Content",,"2020-05-31 13:08:33","2020-05-31 13:08:33",,ru,0,0,,3
267,4,6,6,0,https://medspravka09.ru/clinics/moskva/tsentr-plasticheskoj-hirurgii-sm-plastika,"Центр пластической хирургии «СМ-Пластика» - Медсправка 09",110,7,http://sm-plastica.ru/,Сайт:,sm-plastica.ru,,Dofollow,,"2020-01-01 11:14:19","2020-05-27 09:27:34",,ru,0,0,,5
268,2,1,6,0,https://moskvakatalog.ru/meditsinskie-tsentry/23410/,"Центр пластической хирургии «СМ-Пластика», Москва, ул. Клары Цеткин, д. 33, корп. 28",26,2,http://sm-plastica.ru/,,http://sm-plastica.ru,;,"Nofollow, Content",,"2018-04-19 04:05:45","2020-04-25 19:00:01",,ru,0,0,,1
269,2,6,6,0,https://catcompany.ru/company/city8/cat829/company188079.html,"Центр пластической хирургии «СМ-Пластика» Москва ул. Клары Цеткин д. 33 корп. 28",241,4,http://sm-plastica.ru/,,http://sm-plastica.ru,,Nofollow,,"2019-05-27 06:16:13","2020-06-07 06:26:03",,ru,0,0,,3
270,1,7,6,0,"http://stepankiskin.info/Предоперационная  -f375f1ce/",Предоперационная,32,68,https://www.sm-plastica.ru/upload/iblock/9a0/9a062bc19569bd912af8f985838f2d67.jpg,,Предоперационная,,"Dofollow, Image",,"2020-05-03 15:21:34","2020-05-03 15:21:34",,en,0,0,,40
271,2,5,5,0,https://all.com.ru/out-4992.html,"Страница перехода по внешней ссылке: Сейчас Вы будете перенаправлены на сайт http://sm-plastica.ru/",0,2,http://sm-plastica.ru/,"Сейчас Вы будете перенаправлены на сайт",http://sm-plastica.ru/,,Dofollow,,"2018-12-15 23:16:46","2020-04-17 03:57:13",,,0,0,,1
272,4,4,5,0,https://yumorrr.ru/podtjanut-kozhu-lba/,"Подтянуть кожу лба — Медицина и здоровье",27,2,http://www.sm-plastica.ru/,Источник:,www.sm-plastica.ru,,"Dofollow, Content",,"2020-03-23 07:00:57","2020-03-23 07:00:57",,ru,0,0,,1
273,1,3,5,0,https://medlocal.ru/cncat_jump.php?830,,0,1,http://sm-plastica.ru/,,,,"Dofollow, Redirect",,"2020-06-10 15:54:18","2020-06-10 15:54:18",,,,,,1
274,2,1,4,0,https://ruborg.ru/moscow/klinika-plasticheskoy-hirurgii/sm-plastika-9n3kl6/,"СМ-Пластика — клиника пластической хирургии (Москва, улица Клары Цеткин, 33к28): телефон, сайт и время работы",16,3,http://sm-plastica.ru/,,sm-plastica.ru,,"Nofollow, Content",,"2019-03-07 10:16:13","2020-05-08 22:21:20",,ru,0,0,,2
275,10,1,4,0,http://plastforum.ru/forums/comments/15688?show=1,"Возрастные ограничения в пластике груди - Форум",22,3,http://sm-plastica.ru/services/plastika-grudi/,"рода раньше 18 лет. Это своего рода ограничения по пластике груди",http://sm-plastica.ru/services/plastika-grudi/,,Dofollow,,"2019-01-04 18:49:49","2020-04-27 23:47:51",,ru,0,0,,2
276,2,0,3,0,http://www.venok.com/8a6d8a5z8a5o8a6f8a6g8a5w8a6l8a5t8a6f8a5y8a5o8a6t/8a6j8a5w8a6e8a6h8a6e8a5r8a5w8a6t/8a6k8a5t8a6b8a6p/index.html,"www.venok.com / сказки / ПЛАСТИЧЕСКАЯ ХИРУРГИЯ ЦЕНЫ",44,41,http://sm-plastica.ru/,"Пластика по доступным ценам! (",sm-plastica.ru,"),СМ-Пластика! Современный центр пластической хирургии! Врачи-к.м.н! Скидки!",Nofollow,,"2020-06-09 01:33:54","2020-06-09 01:33:54",,ru,0,0,,29
277,2,0,3,0,https://msk.spravpage.ru/cat/sm-plastika.html,"СМ-Пластика в Москве: отзывы, адреса, время работы, как добраться - msk.spravpage.ru",15,10,http://sm-plastica.ru/,,http://sm-plastica.ru/,,Nofollow,,"2019-11-27 21:59:12","2020-04-21 23:05:05",,ru,0,0,,6
278,2,0,3,0,https://msk.spravpage.ru/cat/sm-klinika-1104481101.html,"СМ-Клиника в Москве: отзывы, адреса, время работы, как добраться - msk.spravpage.ru",16,13,https://sm-plastica.ru/,,https://sm-plastica.ru/,,Nofollow,,"2019-09-09 09:15:13","2020-06-03 16:10:53",,ru,0,0,,6
279,2,0,2,0,https://mos.vrachi.name/organizations/35411/,"«СМ-Клиника» на Войковской (ул. Клары Цеткин), Москва, ул. Клары Цеткин, д. 33 корп. 28",160,3,http://sm-plastica.ru/about/,:,http://sm-plastica.ru/about/,,Dofollow,,"2020-06-07 16:36:45","2020-06-07 16:36:45",,ru,0,0,,2
280,8,0,2,3,http://med-centers.ru/,"Медицинский центр «СМ Клиника» — частная семейная клиника в Москве",0,388,http://sm-plastica.ru/,,"Центр пластической хирургии Центр пластической хирургии",,Dofollow,,"2019-01-11 19:25:59","2020-06-16 02:48:47",,ru,0,11,,17
281,4,0,2,3,http://med-centers.ru/,"Медицинский центр «СМ Клиника» — частная семейная клиника в Москве",0,388,https://sm-plastica.ru/,,"Пластическая хирургия",,Dofollow,,"2019-11-04 09:34:24","2020-06-16 02:48:47",,ru,0,11,,17
282,6,0,0,0,https://digital-rating.ru/company/tekart,"Рейтинг digital-агентств - компания Текарт",24,605,http://blefaroweek.sm-plastica.ru/,,"blefaroweek.sm-plastica.ru blefaroweek.sm-plastica.ru",,"Nofollow, Image",,"2020-04-05 03:31:32","2020-05-27 08:23:24",,,0,0,,376
283,4,0,0,0,https://digital-rating.ru/company/tekart,"Рейтинг digital-агентств - компания Текарт",24,605,http://womenplasticweek.sm-plastica.ru/,,"womenplasticweek.sm-plastica.ru womenplasticweek.sm-plastica.ru",,"Nofollow, Image",,"2020-04-05 03:31:32","2020-05-27 08:23:24",,,0,0,,376
284,2,0,0,0,https://digital-rating.ru/company/tekart,"Рейтинг digital-агентств - компания Текарт",24,605,http://sm-plastica.ru/,,"www.sm-plastica.ru www.sm-plastica.ru",,"Nofollow, Image",,"2020-04-05 03:31:32","2020-05-27 08:23:24",,,0,0,,376
285,6,0,0,0,https://www.plastica.top/msk/plastica/li-aleksandr-gennadevich,"Ли Александр Геннадьевич, хирург — отзывы, контакты, рейтинг — Plastica.Top",77,18,http://sm-plastica.ru/experts/li-aleksandr-gennadevich/,,"Официальный сайт",,Nofollow,,"2019-05-06 03:25:21","2020-05-26 12:57:00",,ru,0,0,,11
286,2,0,0,0,http://188.40.42.68/card/6696248/,"СМ-Пластика, ООО - Клиники - Каталог предприятий Bpages.ru",0,60,http://sm-plastica.ru/,,http://sm-plastica.ru,,Nofollow,,"2019-05-23 18:12:54","2020-05-12 01:10:17",,ru,0,0,,4
287,2,0,0,0,http://drill-moscow.ru/lazernoe-lechenie-gipergidroza-cena/,"Лазерное лечение гипергидроза цена | СтопПотливость",16,16,http://sm-plastica.ru/services/plastika-tela/lazernoe-lechenie-gipergidroza/,Источник:,http://sm-plastica.ru/services/plastika-tela/lazernoe-lechenie-gipergidroza/,,"Dofollow, Content",,"2018-12-11 13:23:03","2020-05-07 22:09:16",,,0,0,,10
288,2,0,0,0,http://iotziv.ru/sm-plastika_22386.html,"СМ-Пластика отзывы сотрудников о работодателе. Положительные и отрицательные.",17,2,http://sm-plastica.ru/,,sm-plastica.ru,,Nofollow,,"2017-09-01 13:41:16","2020-06-14 13:04:50",,,0,0,,1
289,2,0,0,0,http://smplastika.ru/,,0,1,https://www.sm-plastica.ru/,,,,"Dofollow, Redirect",,"2020-05-22 08:31:37","2020-06-12 00:22:52",,,0,0,,1
290,2,0,0,0,http://stroyterminal96.ru/gipergidroz-lazernoe-lechenie/,"Гипергидроз лазерное лечение | Гипергидроза.нет",16,9,http://sm-plastica.ru/services/plastika-tela/lazernoe-lechenie-gipergidroza/,Источник:,http://sm-plastica.ru/services/plastika-tela/lazernoe-lechenie-gipergidroza/,,"Dofollow, Content",,"2018-06-12 14:27:42","2020-05-14 05:39:43",,,0,0,,6
291,2,0,0,0,http://www.sm-plastika.ru/,,0,1,http://www.sm-plastica.ru/,,,,"Dofollow, Redirect",,"2020-05-22 14:12:19","2020-05-22 14:12:19",,,0,0,,1
