#,"Anchor Text","Referring Domains Total","Referring Domains with Anchor (Percent %)","Referring Domains Dofollow (desc)","Referring Domains Dofollow with Anchor (Percent %)","Referring Pages Count","Referring Pages with Anchor (Percent %)","First Seen","Last Check"
1,www.doctorplastic.ru,60,16,30,12,296,2,"2013-08-09 06:50:06","2020-06-16 07:48:22"
2,"пластическая хирургия",21,6,21,9,42,0.25,"2013-08-10 03:34:44","2020-06-06 11:16:53"
3,http://www.doctorplastic.ru/,31,8,20,8,99,0.60,"2013-09-14 21:11:58","2020-06-15 21:24:10"
4,"увеличение груди",16,4,16,7,594,4,"2013-08-08 16:22:44","2020-06-16 08:31:00"
5,doctorplastic.ru,43,11,11,4,171,1,"2015-04-02 06:36:20","2020-06-16 07:08:44"
6,,13,3,8,3,4398,27,,"2020-06-16 10:13:28"
7,doctorplastic,8,2,8,3,88,0.53,"2016-02-15 03:14:51","2020-06-15 03:51:20"
8,"doctor plastic",8,2,7,3,73,0.44,"2016-02-15 16:57:53","2020-06-15 22:04:43"
9,http://www.doctorplastic.ru,16,4,7,3,39,0.24,"2014-01-05 13:29:05","2020-06-15 01:59:37"
10,"подробнее на сайте doctorplastic.ru",7,2,7,3,12,0.07,"2018-07-30 21:45:44","2020-06-06 19:09:59"
11,dr.plastic,8,2,6,2,21,0.13,"2016-02-18 07:29:09","2020-05-17 22:28:38"
12,блефаропластика,6,2,6,2,13,0.08,"2016-02-21 08:39:04","2020-06-10 04:35:28"
13,софтлифтинг,7,2,6,2,66,0.40,"2016-02-27 02:11:34","2020-06-07 05:49:46"
14,"клиника пластической хирургии",5,1,5,2,6,0.04,"2019-07-03 00:37:08","2020-06-14 09:23:18"
15,"пластика груди",5,1,5,2,5,0.03,"2014-08-09 12:40:33","2020-06-13 00:26:50"
16,"пластические операции",5,1,5,2,9,0.05,"2014-09-06 08:38:52","2020-06-15 11:52:43"
17,липосакция,5,1,4,2,12,0.07,"2013-10-11 11:28:29","2020-05-02 20:12:47"
18,"центр пластической хирургии",4,1,4,2,6,0.04,"2015-02-17 06:28:22","2020-04-14 15:50:33"
19,3d-моделирование,3,0.80,3,1,6,0.04,"2015-07-19 16:49:27","2020-06-04 14:30:23"
20,"884661. doctorplastic.ru",3,0.80,3,1,20,0.12,"2013-08-08 19:22:16","2018-07-29 15:54:53"
21,"body jet",3,0.80,3,1,12,0.07,"2015-08-18 22:17:29","2020-05-20 22:58:23"
22,www.doctorplastic.ru/plastica-lica/blefaroplastica,3,0.80,3,1,5,0.03,"2018-08-28 01:07:51","2020-06-14 09:22:06"
23,«докторпластик»,9,2,3,1,17,0.10,"2017-05-04 19:23:07","2020-06-06 14:01:21"
24,"авторские методы увеличения груди",3,0.80,3,1,7,0.04,"2015-08-14 11:53:01","2020-03-11 08:12:10"
25,"безоперационную технологию увеличения груди",3,0.80,3,1,6,0.04,"2016-07-31 15:15:06","2020-05-09 09:20:04"
26,"бесплатные онлайн-консультации",3,0.80,3,1,5,0.03,"2019-10-25 19:04:49","2020-03-07 08:48:24"
27,"ботокс — живое лицо",3,0.80,3,1,7,0.04,"2016-03-31 16:02:54","2020-05-17 11:53:58"
28,"в клинике doctor plastic",3,0.80,3,1,7,0.04,"2016-02-19 17:42:55","2020-05-27 04:49:01"
29,"вадим сергеевич баков",4,1,3,1,7,0.04,"2016-03-13 22:53:26","2020-05-16 22:45:56"
30,"водоструйная липосакция",3,0.80,3,1,9,0.05,"2017-04-23 09:02:36","2020-04-08 19:40:54"
31,"для вас на сайте www.doctorplastic.ru",3,0.80,3,1,4,0.02,"2019-11-09 11:22:17","2020-06-10 00:20:58"
32,"до и после",3,0.80,3,1,8,0.05,"2015-07-19 16:49:27","2020-06-04 14:30:23"
33,"доктор пластик",5,1,3,1,817,5,"2017-04-08 02:41:08","2020-06-07 16:35:12"
34,"задать вопрос",4,1,3,1,13,0.08,"2016-05-09 06:34:39","2020-04-08 19:40:54"
35,"и.а. белый",3,0.80,3,1,6,0.04,"2016-02-28 16:26:18","2020-04-22 02:28:39"
36,"ильи сергеева",3,0.80,3,1,8,0.05,"2016-06-17 23:43:16","2020-05-12 05:24:18"
37,"коррекции асимметрии",3,0.80,3,1,5,0.03,"2016-02-16 02:18:19","2020-06-01 00:07:45"
38,"липофиллингом груди",3,0.80,3,1,7,0.04,"2015-08-14 11:53:01","2020-03-11 08:12:10"
39,"московского хирурга и.в.сергеева",3,0.80,3,1,7,0.04,"2015-08-18 22:17:29","2020-05-20 22:58:23"
40,"операции по увеличению груди",3,0.80,3,1,6,0.04,"2016-02-28 02:11:43","2020-01-18 23:41:27"
41,"оценить результат липосакции",3,0.80,3,1,5,0.03,"2015-08-04 16:10:57","2020-04-22 02:28:22"
42,"передней или задней кольпорафией",3,0.80,3,1,6,0.04,"2016-03-27 12:51:39","2020-04-01 04:40:58"
43,"пластической хирургии гуди",3,0.80,3,1,6,0.04,"2015-07-21 13:46:06","2020-04-30 07:38:08"
44,"помочь женщине привести себя в порядок",3,0.80,3,1,8,0.05,"2016-02-28 03:37:37","2020-04-18 16:32:33"
45,"причина женской холодности",3,0.80,3,1,7,0.04,"2016-02-19 17:42:55","2020-05-27 04:49:01"
46,"результаты липосакции",3,0.80,3,1,6,0.04,"2016-03-02 14:04:31","2020-05-27 15:45:15"
47,"сайте клиники",3,0.80,3,1,14,0.08,"2016-02-15 12:07:47","2020-05-20 20:20:11"
48,"светлана гагарина",3,0.80,3,1,8,0.05,"2016-02-16 11:10:15","2020-05-12 05:24:17"
49,"силуэт лифт",3,0.80,3,1,7,0.04,"2016-07-01 09:48:40","2020-04-19 14:44:51"
50,"специальные скидки",3,0.80,3,1,6,0.04,"2016-06-29 14:49:37","2020-03-14 02:52:59"
51,"способов установки имплантов",3,0.80,3,1,7,0.04,"2016-02-15 05:02:59","2020-04-16 22:29:03"
52,"увеличение груди цена",3,0.80,3,1,5,0.03,"2018-03-12 18:21:51","2020-06-15 11:52:43"
53,"узнать больше о методе body jet",4,1,3,1,8,0.05,"2016-03-02 14:04:31","2020-06-03 09:57:56"
54,"ульф самуэльссон",3,0.80,3,1,8,0.05,"2016-02-15 21:29:58","2020-05-12 03:57:41"
55,"устранение ее асимметрии",3,0.80,3,1,7,0.04,"2016-06-11 15:46:22","2020-06-04 14:41:32"
56,"фантастический эффект",3,0.80,3,1,7,0.04,"2016-02-21 15:32:19","2020-04-06 13:04:33"
57,хейлопластику,3,0.80,3,1,10,0.06,"2017-03-10 19:42:14","2020-05-18 06:07:40"
58,http://doctorplastic.ru,5,1,2,0.82,23,0.14,"2017-03-15 22:31:47","2020-06-14 23:23:04"
59,www.doctorplastic.ru/plastica-lica/otoplastica,2,0.53,2,0.82,2,0.01,"2019-12-19 06:19:08","2020-01-08 19:48:18"
60,абдоминопластика,2,0.53,2,0.82,3,0.02,"2013-08-11 00:01:42","2018-09-22 11:57:36"
61,"анестезии нового поколения",2,0.53,2,0.82,11,0.07,"2016-02-18 00:23:25","2020-05-17 22:28:45"
62,"асимметричные молочные железы",2,0.53,2,0.82,5,0.03,"2016-02-21 09:58:56","2020-05-07 14:28:29"
63,"безоперационного омоложения софтлифтинг",2,0.53,2,0.82,6,0.04,"2016-02-21 08:44:06","2020-04-05 14:59:02"
64,"ботокс для лица",2,0.53,2,0.82,2,0.01,"2020-05-12 07:34:07","2020-06-10 09:18:55"
65,"бразильская попа 2011",2,0.53,2,0.82,9,0.05,"2015-07-26 13:51:03","2020-04-04 21:00:50"
66,"выбор пластического хирурга",2,0.53,2,0.82,4,0.02,"2017-03-12 12:59:49","2020-03-12 05:23:31"
67,"до и после увеличения груди",2,0.53,2,0.82,5,0.03,"2016-02-19 07:21:02","2020-04-06 13:04:41"
68,"доктора бакова",2,0.53,2,0.82,5,0.03,"2016-02-15 20:24:27","2020-05-07 14:28:29"
69,докторпластик,2,0.53,2,0.82,6,0.04,"2018-10-30 16:28:28","2020-02-20 03:47:06"
70,"докторпластик фото",2,0.53,2,0.82,2,0.01,"2018-08-08 20:46:54","2020-06-06 05:21:06"
71,жми,2,0.53,2,0.82,4,0.02,"2020-05-25 11:02:25","2020-06-10 09:30:00"
72,"жми сюда",2,0.53,2,0.82,3,0.02,"2018-01-10 15:29:41","2018-05-27 04:49:37"
73,"жми тут",2,0.53,2,0.82,2,0.01,"2017-10-22 12:08:41","2019-06-26 14:38:43"
74,"записаться на консультацию",2,0.53,2,0.82,6,0.04,"2016-02-15 08:04:42","2020-04-23 01:08:37"
75,"записаться на консультацию по софтлифтингу",2,0.53,2,0.82,4,0.02,"2016-03-28 03:26:09","2020-03-27 12:11:02"
76,здесь,4,1,2,0.82,5,0.03,"2017-03-27 00:28:33","2020-06-04 03:56:27"
77,"избавиться от жира",2,0.53,2,0.82,5,0.03,"2017-05-08 04:29:32","2020-04-23 03:52:49"
78,"илья вячеславович сергеев",3,0.80,2,0.82,5,0.03,"2015-09-16 23:38:27","2020-05-03 01:09:30"
79,"интимной пластикой",2,0.53,2,0.82,4,0.02,"2016-06-16 07:23:25","2020-04-01 04:40:58"
80,"кликай здесь",2,0.53,2,0.82,4,0.02,"2018-08-11 22:18:17","2020-06-10 18:15:49"
81,"клиника doctorplastic",2,0.53,2,0.82,7,0.04,"2016-02-17 12:26:52","2020-04-11 17:04:59"
82,"клиника аппаратной косметологии в мск",2,0.53,2,0.82,3,0.02,"2020-02-15 19:50:00","2020-06-06 11:54:51"
83,"клиники doctorplastic",2,0.53,2,0.82,8,0.05,"2015-08-11 06:44:46","2020-03-07 21:18:21"
84,"коррекция тубулярной груди",2,0.53,2,0.82,3,0.02,"2016-02-16 02:18:19","2020-02-29 18:13:40"
85,"лазерная эпиляция бикини цена",2,0.53,2,0.82,4,0.02,"2020-03-19 00:35:16","2020-04-07 08:47:23"
86,"лазерная эпиляция бикини цена доступная",2,0.53,2,0.82,3,0.02,"2020-02-15 06:50:57","2020-03-11 04:28:25"
87,"лазерная эпиляция сопрано",2,0.53,2,0.82,4,0.02,"2020-03-31 23:05:30","2020-04-19 04:38:49"
88,"лазерная эпиляция сопрано по низкой стоимости",2,0.53,2,0.82,3,0.02,"2020-02-14 19:59:48","2020-06-07 05:55:33"
89,"локальная минипластика",2,0.53,2,0.82,6,0.04,"2016-02-15 04:50:34","2020-05-08 10:11:05"
90,"методика липосакции body jet",2,0.53,2,0.82,5,0.03,"2017-05-08 04:29:32","2020-04-23 03:52:49"
91,"микроигольчатый rf лифтинг infini по сниженной стоимости",2,0.53,2,0.82,3,0.02,"2020-02-17 03:52:20","2020-03-27 06:45:19"
92,"на нашем сайте",2,0.53,2,0.82,6,0.04,"2016-06-19 14:38:53","2020-04-12 12:56:49"
93,"на сайте клиники",2,0.53,2,0.82,11,0.07,"2016-02-18 13:18:49","2020-04-22 06:08:34"
94,"наши специалисты",2,0.53,2,0.82,6,0.04,"2016-02-15 08:04:42","2020-04-23 01:08:37"
95,"не единственная фотомодель",2,0.53,2,0.82,8,0.05,"2016-05-11 14:49:34","2020-04-16 00:08:21"
96,"обучения по специальности «пластическая хирургия»",2,0.53,2,0.82,6,0.04,"2016-02-19 19:04:32","2020-05-13 22:58:29"
97,"операция рите",3,0.80,2,0.82,3,0.02,"2017-03-02 12:07:30","2019-07-02 18:10:03"
98,"перейти на сайт",3,0.80,2,0.82,4,0.02,"2018-04-20 15:19:16","2020-05-14 13:04:29"
99,"пластика половых губ",3,0.80,2,0.82,8,0.05,"2016-05-02 06:52:16","2020-05-11 07:30:57"
100,"пластический хирург илья сергеев – пластические операции: увеличение груди, липосакция, ринопластика",2,0.53,2,0.82,26,0.16,"2020-06-06 08:25:29","2020-06-15 06:21:23"
101,"пластической хирургии",2,0.53,2,0.82,2,0.01,"2018-04-25 02:59:58","2018-06-26 01:10:39"
102,"подробно на сайте www.doctorplastic.ru",2,0.53,2,0.82,3,0.02,"2018-11-27 18:17:58","2019-03-26 03:44:53"
103,"подробно о софтлифтинге",2,0.53,2,0.82,6,0.04,"2016-02-17 11:32:17","2020-05-17 06:56:10"
104,"похудела почти на 100 кг",2,0.53,2,0.82,4,0.02,"2016-06-16 07:23:25","2020-04-01 04:40:58"
105,"прайс-листом клиники doctor plastic",2,0.53,2,0.82,8,0.05,"2016-02-16 02:22:23","2020-04-05 08:34:21"
106,"презентацию новой шведской методики",2,0.53,2,0.82,5,0.03,"2016-04-03 07:11:52","2020-04-14 10:45:24"
107,"президент шведской ассоциации пластических хирургов",2,0.53,2,0.82,5,0.03,"2016-04-03 07:11:52","2020-04-14 10:45:24"
108,"результат операции",2,0.53,2,0.82,5,0.03,"2016-02-15 20:24:27","2020-05-07 14:28:29"
109,"результаты лучших пластических операций 2011 года",2,0.53,2,0.82,6,0.04,"2016-05-09 21:51:00","2020-04-13 15:39:19"
110,"результаты процедуры",2,0.53,2,0.82,6,0.04,"2017-01-15 07:44:30","2020-03-24 17:43:42"
111,"рита говорит о своей груди",3,0.80,2,0.82,3,0.02,"2017-03-02 12:07:30","2019-07-02 18:10:03"
112,"сергеев илья вячеславович",2,0.53,2,0.82,3,0.02,"2015-01-13 09:27:35","2019-12-11 22:51:11"
113,"сколько стоит увеличение груди",2,0.53,2,0.82,3,0.02,"2013-08-14 19:33:33","2020-04-29 08:59:23"
114,"страничке пациентов клиники",2,0.53,2,0.82,5,0.03,"2016-02-17 15:43:05","2020-02-29 18:14:00"
115,"тагир файзуллин",2,0.53,2,0.82,5,0.03,"2016-03-25 02:35:16","2020-03-31 21:31:22"
116,"у нас на www.doctorplastic.ru",2,0.53,2,0.82,2,0.01,"2020-02-07 21:08:30","2020-02-26 20:33:19"
117,"увеличение губ",2,0.53,2,0.82,2,0.01,"2018-04-09 20:24:44","2019-10-06 11:03:17"
118,"увидеть результат",2,0.53,2,0.82,5,0.03,"2016-02-17 09:41:37","2020-04-13 18:35:09"
119,"устранении тубулярности груди",2,0.53,2,0.82,5,0.03,"2016-02-21 09:58:56","2020-05-07 14:28:29"
120,"фирменный шов",2,0.53,2,0.82,8,0.05,"2016-03-01 14:59:02","2020-04-16 17:42:16"
121,"фото до и после софтлифтинга",2,0.53,2,0.82,10,0.06,"2016-02-17 11:32:17","2020-05-17 06:56:10"
122,"фотогалерее наших работ",2,0.53,2,0.82,6,0.04,"2016-06-19 14:38:53","2020-04-12 12:56:49"
123,фотогалерея,2,0.53,2,0.82,3,0.02,"2016-02-27 07:21:17","2020-05-04 19:39:36"
124,"ценам клиники doctorplastic",2,0.53,2,0.82,5,0.03,"2016-02-18 22:37:22","2020-05-16 06:28:57"
125,чек-лифтинг,2,0.53,2,0.82,5,0.03,"2018-08-31 08:21:58","2020-02-29 18:52:27"
126,чеклифтинг,2,0.53,2,0.82,5,0.03,"2016-02-21 08:39:04","2020-02-24 14:14:47"
127,"через форму на сайте",2,0.53,2,0.82,4,0.02,"2017-03-18 13:49:16","2020-04-04 02:45:09"
128,"эльдар кахраманов",2,0.53,2,0.82,5,0.03,"2017-03-02 00:06:56","2020-05-07 17:10:32"
129,эндотины,2,0.53,2,0.82,4,0.02,"2016-03-13 22:53:26","2020-02-19 16:21:31"
130,"""doctor plastic"" - клиника пластической хирургии",1,0.27,1,0.41,1,0.01,"2020-01-13 05:57:45","2020-01-13 05:57:45"
131,"""докторпластик"" ""докторпластик""клиника пластической хирургии",1,0.27,1,0.41,1,0.01,"2019-08-07 19:33:35","2019-08-07 19:33:35"
132,229f4e9fb15d69b8dbfad409ca84f0a3.jpg,1,0.27,1,0.41,2,0.01,"2020-03-09 15:11:43","2020-05-22 04:11:29"
133,"3d подтяжка лица",1,0.27,1,0.41,1,0.01,"2019-11-14 08:41:21","2019-11-14 08:41:21"
134,doctorplastic.ru/,2,0.53,1,0.41,3,0.02,"2018-10-28 10:58:23","2019-05-02 09:22:47"
135,doctorplastic.ru/robots.txt,1,0.27,1,0.41,1,0.01,"2018-06-19 06:52:44","2018-06-19 06:52:44"
136,http://doctorplastic.ru/,3,0.80,1,0.41,5,0.03,"2018-04-03 20:50:27","2020-06-07 05:21:29"
137,http://doctorplastic.ru/1466574/1627781/,1,0.27,1,0.41,2,0.01,"2019-12-09 16:45:05","2020-06-03 19:56:46"
138,http://doctorplastic.ru/about/metods/1636635/,1,0.27,1,0.41,4,0.02,"2018-05-19 15:40:37","2020-06-12 03:02:21"
139,http://doctorplastic.ru/personal/1627520/,1,0.27,1,0.41,1,0.01,"2019-12-09 16:45:05","2019-12-09 16:45:05"
140,http://doctorplastic.ru/photos/1444921/1444922/?page=2,1,0.27,1,0.41,2,0.01,"2019-12-09 16:45:05","2020-06-16 00:55:04"
141,http://doctorplastic.ru/photos/1444921/1444923/,1,0.27,1,0.41,2,0.01,"2019-12-09 16:45:05","2020-06-16 00:55:04"
142,http://doctorplastic.ru/surgery/1444882/1628145/,1,0.27,1,0.41,1,0.01,"2020-06-03 19:56:46","2020-06-03 19:56:46"
143,http://doctorplastic.ru/surgery/consultcenter/stories,1,0.27,1,0.41,2,0.01,"2016-05-30 09:39:10","2016-05-30 09:39:10"
144,http://doctorplastic.ru/surgery/consultcenter/stories/1628730/,1,0.27,1,0.41,1,0.01,"2020-06-09 22:55:37","2020-06-09 22:55:37"
145,http://lbust.doctorplastic.ru,1,0.27,1,0.41,1,0.01,"2019-01-13 05:15:53","2019-01-13 05:15:53"
146,http://lbust.doctorplastic.ru/,1,0.27,1,0.41,2,0.01,"2019-09-22 07:30:13","2020-06-08 07:29:19"
147,http://www.doctorplastic.ru/1466574/1466577/,2,0.53,1,0.41,2,0.01,"2017-12-03 23:02:54","2020-01-25 10:52:25"
148,http://www.doctorplastic.ru/1466574/1629025/,1,0.27,1,0.41,1,0.01,"2020-06-09 19:22:33","2020-06-09 19:22:33"
149,http://www.doctorplastic.ru/1626976/,1,0.27,1,0.41,1,0.01,"2020-06-09 11:41:21","2020-06-09 11:41:21"
150,http://www.doctorplastic.ru/akcii-i-ckidki/popes-kak-u-lopes/,1,0.27,1,0.41,8,0.05,"2018-06-13 05:49:00","2019-02-15 07:04:34"
151,http://www.doctorplastic.ru/files/pl.../samsonov1.jpg,1,0.27,1,0.41,4,0.02,"2016-03-01 06:38:06","2018-01-29 05:52:50"
152,http://www.doctorplastic.ru/files/pl.../samsonov2.jpg,1,0.27,1,0.41,4,0.02,"2016-03-01 06:38:06","2018-01-29 05:52:50"
153,http://www.doctorplastic.ru/files/pl.../samsonov3.jpg,1,0.27,1,0.41,4,0.02,"2016-03-01 06:38:06","2018-01-29 05:52:50"
154,http://www.doctorplastic.ru/files/pl.../samsonov4.jpg,1,0.27,1,0.41,4,0.02,"2016-03-01 06:38:06","2018-01-29 05:52:50"
155,http://www.doctorplastic.ru/lasernaya-apparatnaya-kosmetologiya/epilyaciya/,2,0.53,1,0.41,17,0.10,"2018-02-13 23:31:24","2020-06-15 18:53:50"
156,http://www.doctorplastic.ru/miniplastica/1641895/,1,0.27,1,0.41,1,0.01,"2017-03-04 15:20:08","2017-03-04 15:20:08"
157,http://www.doctorplastic.ru/news/1639326/,1,0.27,1,0.41,2,0.01,"2020-04-18 10:57:23","2020-06-01 18:47:53"
158,http://www.doctorplastic.ru/news/1642498/,1,0.27,1,0.41,3,0.02,"2018-12-22 08:12:48","2018-12-22 08:12:48"
159,http://www.doctorplastic.ru/news/1643033/,1,0.27,1,0.41,22,0.13,"2016-04-18 11:39:15","2019-10-07 08:11:52"
160,http://www.doctorplastic.ru/news/1643147/,1,0.27,1,0.41,10,0.06,"2016-05-08 04:14:54","2020-04-19 14:52:01"
161,http://www.doctorplastic.ru/news/zapis-na-softlifting-k-avtoru-metoda/,2,0.53,1,0.41,41,0.25,"2016-08-29 12:44:51","2020-06-13 08:09:38"
162,http://www.doctorplastic.ru/novosti/prezidentskiy-klass-omolozheniya-dlya-kazhdoy-zhenshchiny-1/,1,0.27,1,0.41,2,0.01,"2017-06-21 01:01:58","2017-06-21 01:01:58"
163,http://www.doctorplastic.ru/personal/kahramanov/,1,0.27,1,0.41,4,0.02,"2014-10-30 05:19:46","2019-06-21 08:51:13"
164,http://www.doctorplastic.ru/plastica-grudi/,1,0.27,1,0.41,1,0.01,"2019-03-22 12:26:46","2019-03-22 12:26:46"
165,http://www.doctorplastic.ru/plastica-grudi/podtyagka-grudy/,1,0.27,1,0.41,2,0.01,"2019-03-23 20:08:14","2019-04-01 17:59:42"
166,http://www.doctorplastic.ru/plastica-tela/liposakciya/,1,0.27,1,0.41,28,0.17,"2017-06-24 00:25:38","2020-05-15 12:32:46"
167,http://www.doctorplastic.ru/plastica...ichenie-grudi/,1,0.27,1,0.41,11,0.07,"2018-09-24 07:30:19","2019-05-05 14:06:56"
168,http://www.doctorplastic.ru/showphot...part=veki.html,1,0.27,1,0.41,1,0.01,"2019-12-13 02:22:32","2019-12-13 02:22:32"
169,http://www.doctorplastic.ru/tema/news.html?hot=podarok-na-vipusknoi.ht…,1,0.27,1,0.41,1,0.01,"2015-02-20 11:10:33","2020-03-24 11:59:25"
170,https://www.doctorplastic.ru/,5,1,1,0.41,7,0.04,"2019-08-25 00:11:07","2020-06-07 02:16:37"
171,https://www.doctorplastic.ru/ceny/plasticheskaya-hirurgiya/,3,0.80,1,0.41,3,0.02,"2019-01-18 08:51:38","2020-06-14 03:19:25"
172,https://www.doctorplastic.ru/specialisty/volodin-aleksandr-vladimirovich/,1,0.27,1,0.41,1,0.01,"2020-06-07 11:31:00","2020-06-07 11:31:00"
173,lbust.doctorplastic.ru,1,0.27,1,0.41,1,0.01,"2019-01-07 14:50:43","2019-01-07 14:50:43"
174,"lpg от целлюлита по минимальным ценам",1,0.27,1,0.41,2,0.01,"2018-06-28 19:13:15","2020-05-26 02:41:21"
175,"visit website",2,0.53,1,0.41,2,0.01,"2019-11-23 08:49:31","2020-04-21 14:57:52"
176,www.doctorplastic.ru/,2,0.53,1,0.41,2,0.01,"2019-01-26 02:49:18","2019-04-17 01:24:17"
177,www.doctorplastic.ru/inekcionnaya-kosmetologiya/konturnaya-plastika-gub,1,0.27,1,0.41,1,0.01,"2020-05-18 13:51:32","2020-05-18 13:51:32"
178,www.doctorplastic.ru/inekcionnaya-kosmetologiya/uvelichenie-gub,1,0.27,1,0.41,1,0.01,"2019-11-01 10:00:14","2019-11-01 10:00:14"
179,www.doctorplastic.ru/kosmetologiya/apparatnaya-kosmetologiya,1,0.27,1,0.41,2,0.01,"2020-03-27 00:02:24","2020-03-28 04:56:29"
180,www.doctorplastic.ru/lasernaya-apparatnaya-kosmetologiya/epilyaciya/elos,1,0.27,1,0.41,2,0.01,"2018-08-25 09:53:11","2018-08-25 09:53:11"
181,www.doctorplastic.ru/lasernaya-apparatnaya-kosmetologiya/epilyaciya/soprano,1,0.27,1,0.41,2,0.01,"2020-04-04 15:26:28","2020-04-06 21:32:49"
182,www.doctorplastic.ru/plastica-grudi/mammoplastika-price,1,0.27,1,0.41,2,0.01,"2019-12-23 00:20:21","2020-05-23 08:53:58"
183,www.doctorplastic.ru/plastica-grudi/uvelichenie-grudi,1,0.27,1,0.41,6,0.04,"2018-03-23 08:52:03","2020-04-29 22:38:18"
184,www.doctorplastic.ru/plastica-tela/abdominoplastica,1,0.27,1,0.41,1,0.01,"2020-01-23 11:06:57","2020-01-23 11:06:57"
185,www.doctorplastic.ru/problemy-i-resheniya/lechenie-postakne,1,0.27,1,0.41,1,0.01,"2019-09-17 10:46:39","2019-09-17 10:46:39"
186,"~image credit",1,0.27,1,0.41,5,0.03,"2019-12-12 08:41:13","2020-05-15 09:36:19"
187,"абдоминопластика недорого",1,0.27,1,0.41,1,0.01,"2019-12-24 22:28:57","2019-12-24 22:28:57"
188,"абдоминопластика цены",1,0.27,1,0.41,1,0.01,"2014-08-09 12:40:33","2014-08-09 12:40:33"
189,"авторские методики",1,0.27,1,0.41,4,0.02,"2016-03-01 17:35:52","2020-05-15 01:20:58"
190,"анестетиков нового поколения",1,0.27,1,0.41,3,0.02,"2016-02-21 14:10:42","2020-05-03 01:09:30"
191,"аппаратная косметология",1,0.27,1,0.41,1,0.01,"2020-05-13 19:04:29","2020-05-13 19:04:29"
192,"баков вадим сергеевич",1,0.27,1,0.41,2,0.01,"2016-04-26 13:15:03","2019-12-11 22:51:11"
193,"белый игорь анатольевич",1,0.27,1,0.41,2,0.01,"2016-04-26 13:15:03","2019-12-11 22:51:11"
194,"биоармирование лица цена низкая",1,0.27,1,0.41,1,0.01,"2019-10-03 08:06:47","2019-10-03 08:06:47"
195,"блефаропластика цена доступная",1,0.27,1,0.41,2,0.01,"2019-02-24 12:46:20","2019-03-25 17:15:35"
196,"борисенко анастасия сергеевна",1,0.27,1,0.41,2,0.01,"2016-04-26 13:15:03","2019-12-11 22:51:11"
197,"в москве увеличение губ",1,0.27,1,0.41,1,0.01,"2019-11-27 08:20:15","2019-11-27 08:20:15"
198,"ведущий хирург центра dr.plastic",2,0.53,1,0.41,2,0.01,"2013-08-09 11:03:36","2020-01-23 22:26:43"
199,"ведущих специалистов клиники пластической хирургии doctorplastic",1,0.27,1,0.41,1,0.01,"2015-09-21 23:22:25","2015-09-21 23:22:25"
200,"вертикальная абдоминопластика",1,0.27,1,0.41,1,0.01,"2017-06-01 19:25:55","2017-06-01 19:25:55"
201,"врач центра dr.plastic илья сергеев",2,0.53,1,0.41,2,0.01,"2017-03-01 01:25:28","2017-05-20 17:22:08"
202,"диспорт стоимость",1,0.27,1,0.41,1,0.01,"2019-06-16 23:12:06","2019-06-16 23:12:06"
203,"для вас на сайте",1,0.27,1,0.41,1,0.01,"2020-06-07 05:19:40","2020-06-07 05:19:40"
204,"европейская экспресс-подтяжка софтлифтинг",1,0.27,1,0.41,2,0.01,"2017-03-27 11:59:08","2020-06-07 05:53:00"
205,"за помощью к пластическим хирургам",1,0.27,1,0.41,1,0.01,"2014-11-09 16:55:34","2014-11-09 16:55:34"
206,"записаться на бесплатную консультацию",1,0.27,1,0.41,3,0.02,"2017-01-30 23:32:27","2020-02-10 03:01:04"
207,"звездных имен пластических хирургов",1,0.27,1,0.41,4,0.02,"2016-02-20 15:17:06","2020-04-11 17:05:08"
208,"избавится от растяжек лазером в мск",1,0.27,1,0.41,2,0.01,"2019-04-21 07:19:02","2019-04-22 00:37:47"
209,"илья сергеев",3,0.80,1,0.41,4,0.02,"2014-05-15 15:19:21","2020-04-05 22:50:40"
210,имплантатов,1,0.27,1,0.41,1,0.01,"2018-12-23 04:54:17","2018-12-23 04:54:17"
211,"институт пластической хирургии и косметологии",1,0.27,1,0.41,1,0.01,"2013-08-14 19:33:33","2013-08-14 19:33:33"
212,"исправить любую неудачную пластику",1,0.27,1,0.41,5,0.03,"2016-04-28 02:34:39","2020-03-26 21:08:50"
213,"кавитация, липосакция",1,0.27,1,0.41,2,0.01,"2015-03-05 19:32:51","2019-05-17 02:04:24"
214,"карта сайта",1,0.27,1,0.41,1,0.01,"2018-06-05 15:10:21","2020-02-07 17:47:17"
215,"кахраманов эльдар бегларович",1,0.27,1,0.41,2,0.01,"2016-04-26 13:15:03","2019-12-11 22:51:11"
216,"качественное увеличение груди жиром",1,0.27,1,0.41,2,0.01,"2018-01-19 03:35:56","2018-01-19 15:42:23"
217,"качественные пластические операции",1,0.27,1,0.41,1,0.01,"2017-07-28 01:59:17","2017-07-28 01:59:17"
218,"кликай тут",1,0.27,1,0.41,1,0.01,"2019-12-12 18:53:29","2019-12-12 18:53:29"
219,кликайте,1,0.27,1,0.41,1,0.01,"2020-04-07 10:00:08","2020-04-07 10:00:08"
220,"клиника аппаратной косметологии",1,0.27,1,0.41,3,0.02,"2020-02-10 01:53:46","2020-06-12 00:05:02"
221,"клиника аппаратной косметологии в москве",1,0.27,1,0.41,1,0.01,"2020-03-13 20:53:30","2020-03-13 20:53:30"
222,"клиника пластической хирургии ""доктор пластик""",1,0.27,1,0.41,6,0.04,"2019-05-10 10:43:22","2020-02-24 01:32:05"
223,"клиника пластической хирургии - пластический хирург илья сергеев",1,0.27,1,0.41,1,0.01,"2013-08-16 10:04:58","2013-08-16 10:04:58"
224,"клиника пластической хирургии - пластический хирург илья сергеев [ http://www.doctorplastic.ru/ ]",1,0.27,1,0.41,1,0.01,"2018-09-27 07:28:41","2018-09-27 07:28:41"
225,"клиника пластической хирургии в москве",1,0.27,1,0.41,2,0.01,"2018-07-07 06:45:35","2020-05-26 18:29:49"
226,"клинике «доктор пластик»",1,0.27,1,0.41,1,0.01,"2019-02-01 21:34:36","2019-02-01 21:34:36"
227,"клиники ""докторпластик""",1,0.27,1,0.41,1,0.01,"2020-05-05 17:17:00","2020-05-05 17:17:00"
228,"клиники dr.plastic",2,0.53,1,0.41,2,0.01,"2013-08-09 11:03:36","2020-01-23 22:26:43"
229,"клиники пластической хирургии",1,0.27,1,0.41,1,0.01,"2017-10-15 18:27:34","2017-10-15 18:27:34"
230,"клинику ""доктор пластик""",1,0.27,1,0.41,1,0.01,"2020-05-07 00:21:08","2020-05-07 00:21:08"
231,"компьютерного моделирования 3d form",1,0.27,1,0.41,1,0.01,"2018-05-26 13:28:00","2018-12-23 10:13:20"
232,"контурная пластика в мск",1,0.27,1,0.41,1,0.01,"2020-06-04 17:36:04","2020-06-04 17:36:04"
233,"корректировать тубулярность груди",1,0.27,1,0.41,5,0.03,"2016-02-20 11:45:21","2020-05-13 19:47:34"
234,"лазерная липосакция",1,0.27,1,0.41,1,0.01,"2017-06-10 10:34:03","2017-06-10 10:34:03"
235,"лазерная шлифовка лица в москве",1,0.27,1,0.41,1,0.01,"2019-07-13 03:15:24","2019-07-13 03:15:24"
236,"лазерная шлифовка лица по доступной стоимости",1,0.27,1,0.41,2,0.01,"2019-12-15 21:22:24","2020-02-17 16:39:22"
237,"лазерная шлифовка по минимальной стоимости",1,0.27,1,0.41,4,0.02,"2019-12-04 15:20:23","2019-12-19 15:19:37"
238,"лазерная шлифовка постакне цена доступная",1,0.27,1,0.41,2,0.01,"2018-07-08 09:40:23","2020-04-06 19:46:40"
239,"лазерная шлифовка постакне цена низкая",1,0.27,1,0.41,2,0.01,"2018-06-07 08:22:43","2018-06-07 08:22:43"
240,"лазерная шлифовка цена",1,0.27,1,0.41,1,0.01,"2019-07-19 02:33:51","2019-07-19 02:33:51"
241,"лазерная шлифовка цена в мск",1,0.27,1,0.41,1,0.01,"2019-07-18 06:18:11","2019-07-18 06:18:11"
242,"лазерная эпиляция бикини стоимость",1,0.27,1,0.41,2,0.01,"2019-05-23 13:43:16","2020-05-18 03:17:07"
243,"лазерная эпиляция бикини цена невысокая",1,0.27,1,0.41,1,0.01,"2020-04-15 02:17:31","2020-04-15 02:17:31"
244,"лазерная эпиляция сопрано по выгодной стоимости",1,0.27,1,0.41,3,0.02,"2020-03-24 03:28:54","2020-05-31 08:05:13"
245,"лазерная эпиляция стоимость в москве оптимальная",1,0.27,1,0.41,1,0.01,"2019-11-07 16:24:18","2019-11-07 16:24:18"
246,"лазерное омоложение",1,0.27,1,0.41,1,0.01,"2019-07-20 04:18:50","2019-07-20 04:18:50"
247,"лазерное омоложение в москве",1,0.27,1,0.41,1,0.01,"2019-07-10 21:15:10","2019-07-10 21:15:10"
248,"лазерное омоложение цена в москве",1,0.27,1,0.41,2,0.01,"2019-05-26 10:00:20","2019-06-10 00:30:17"
249,"лазерное удаление растяжек по сниженной стоимости",1,0.27,1,0.41,2,0.01,"2019-12-03 20:32:00","2020-05-21 14:52:01"
250,липосакции,1,0.27,1,0.41,1,0.01,"2019-07-25 19:18:47","2019-07-25 19:18:47"
251,"липосакции body jet",2,0.53,1,0.41,2,0.01,"2013-08-09 11:03:36","2020-01-23 22:26:43"
252,"липосакция - цены и описание операции. зоны: липосакция живота ...",1,0.27,1,0.41,1,0.01,"2020-06-06 04:39:25","2020-06-06 04:39:25"
253,"липосакция без операции",1,0.27,1,0.41,1,0.01,"2020-06-14 09:23:18","2020-06-14 09:23:18"
254,"липосакция в мск",1,0.27,1,0.41,1,0.01,"2020-06-07 05:47:29","2020-06-07 05:47:29"
255,"липосакция на аппарате body jet",1,0.27,1,0.41,5,0.03,"2016-02-18 16:29:21","2020-02-28 08:38:23"
256,"липосакция помогает",1,0.27,1,0.41,1,0.01,"2017-03-17 21:29:22","2017-03-17 21:29:22"
257,"липосакция, цены",1,0.27,1,0.41,1,0.01,"2019-02-17 10:09:19","2019-02-17 10:09:19"
258,"липофилинг груди в москве и мо",1,0.27,1,0.41,1,0.01,"2018-01-31 09:04:04","2018-01-31 09:04:04"
259,"липофиллинг груди",1,0.27,1,0.41,1,0.01,"2020-06-07 04:58:08","2020-06-07 04:58:08"
260,"лучшее сезонное предложение",1,0.27,1,0.41,2,0.01,"2019-10-21 04:38:32","2019-10-31 09:58:44"
261,"лучших пластических хирургов",1,0.27,1,0.41,2,0.01,"2018-10-22 01:19:50","2020-03-24 20:31:18"
262,маммопластика,1,0.27,1,0.41,1,0.01,"2020-01-08 09:42:42","2020-01-08 09:42:42"
263,"международной «академии аллерган»",1,0.27,1,0.41,1,0.01,"2015-10-08 02:47:54","2015-10-08 02:47:54"
264,"микроигольчатый rf лифтинг infini",1,0.27,1,0.41,1,0.01,"2020-04-04 15:14:34","2020-04-04 15:14:34"
265,"микроигольчатый rf лифтинг infini по минимальной стоимости",1,0.27,1,0.41,1,0.01,"2020-04-11 06:55:28","2020-04-11 06:55:28"
266,"моделирования груди 3d form",1,0.27,1,0.41,3,0.02,"2018-04-06 00:02:15","2020-02-27 18:46:25"
267,"на doctorplastic.ru",1,0.27,1,0.41,2,0.01,"2020-05-24 09:12:57","2020-06-16 07:46:22"
268,"на нашем сайте doctorplastic.ru",1,0.27,1,0.41,2,0.01,"2018-08-10 15:01:18","2018-08-10 15:01:18"
269,"на процедуре софтлифтинг",1,0.27,1,0.41,1,0.01,"2017-03-17 21:29:22","2017-03-17 21:29:22"
270,"на сайте doctorplastic",1,0.27,1,0.41,5,0.03,"2016-02-15 18:30:22","2019-12-29 16:58:00"
271,"на сайте doctorplastic.ru",1,0.27,1,0.41,2,0.01,"2020-05-24 10:21:45","2020-06-07 21:22:44"
272,"на сайте www.doctorplastic.ru",1,0.27,1,0.41,1,0.01,"2018-11-27 14:12:54","2018-11-27 14:12:54"
273,"на сайте клиники doctorplastic",1,0.27,1,0.41,5,0.03,"2016-02-17 22:40:53","2020-04-22 02:28:31"
274,"на этом сайте",1,0.27,1,0.41,1,0.01,"2020-01-06 04:23:33","2020-01-06 04:23:33"
275,"недорогие пластические операции",1,0.27,1,0.41,1,0.01,"2020-01-21 15:55:40","2020-01-21 15:55:40"
276,"новую грудь даши пынзарь",1,0.27,1,0.41,1,0.01,"2017-04-08 12:35:05","2017-04-08 12:35:05"
277,"нос после ринопластики",1,0.27,1,0.41,2,0.01,"2015-02-15 00:06:57","2020-04-04 00:28:51"
278,"операция по увеличению груди",1,0.27,1,0.41,2,0.01,"2016-02-16 15:25:46","2020-05-11 21:57:56"
279,"операция по уменьшению груди",1,0.27,1,0.41,1,0.01,"2017-12-20 19:22:01","2017-12-20 19:22:01"
280,открыть,1,0.27,1,0.41,8,0.05,"2020-03-15 15:06:42","2020-06-07 22:25:58"
281,отопластика,1,0.27,1,0.41,1,0.01,"2017-12-11 23:46:18","2017-12-11 23:46:18"
282,"отопластика в москве недорого",1,0.27,1,0.41,1,0.01,"2019-12-15 10:12:22","2019-12-15 10:12:22"
283,"отопластика стоимость низкая",1,0.27,1,0.41,2,0.01,"2020-05-25 14:45:14","2020-06-07 21:40:44"
284,перейти,1,0.27,1,0.41,1,0.01,"2019-01-21 00:51:59","2020-05-06 03:47:49"
285,"перейти на сайт клиника пластической хирургии - пластический хирург илья сергеев",1,0.27,1,0.41,1,0.01,"2017-04-07 08:16:22","2017-04-07 08:16:22"
286,"пластика выходного дня",1,0.27,1,0.41,7,0.04,"2016-02-17 15:10:20","2020-05-13 14:17:33"
287,"пластика грудей",1,0.27,1,0.41,1,0.01,"2019-01-22 20:13:11","2019-01-22 20:13:11"
288,"пластика груди цены",1,0.27,1,0.41,2,0.01,"2014-09-06 08:38:52","2014-09-06 08:38:52"
289,"пластика груди.",1,0.27,1,0.41,1,0.01,"2020-06-14 09:23:18","2020-06-14 09:23:18"
290,"пластика губ в мск",1,0.27,1,0.41,1,0.01,"2020-04-29 11:03:32","2020-04-29 11:03:32"
291,"пластика носа недорого",1,0.27,1,0.41,1,0.01,"2020-06-07 23:38:59","2020-06-07 23:38:59"
292,"пластики груди",1,0.27,1,0.41,2,0.01,"2017-04-09 21:46:13","2020-02-29 18:14:03"
293,"пластикой молочных желез",1,0.27,1,0.41,2,0.01,"2018-03-10 23:42:32","2020-02-15 02:53:18"
294,"пластику груди",1,0.27,1,0.41,1,0.01,"2019-07-25 19:18:47","2019-07-25 19:18:47"
295,"пластику живота",1,0.27,1,0.41,1,0.01,"2019-07-25 19:18:47","2019-07-25 19:18:47"
296,"пластическая хирургия www.doctorplastic.ru",1,0.27,1,0.41,1,0.01,"2019-10-17 07:35:58","2019-10-17 07:35:58"
297,"пластическая хирургия в москве",1,0.27,1,0.41,6,0.04,"2018-03-09 18:53:16","2019-11-27 22:08:25"
298,"пластическая хирургия и косметология",1,0.27,1,0.41,1,0.01,"2014-06-17 15:55:14","2014-06-17 15:55:14"
299,"пластическая хирургия лица",1,0.27,1,0.41,3,0.02,"2019-07-02 12:56:38","2019-10-12 11:19:25"
300,"пластическая хирургия москва",1,0.27,1,0.41,2,0.01,"2020-05-20 05:30:07","2020-06-08 18:17:46"
301,"пластическая хирургия творит самые настоящие чудеса",1,0.27,1,0.41,12,0.07,"2015-05-27 19:52:25","2020-03-09 02:34:50"
302,"пластическая хирургия цены",1,0.27,1,0.41,2,0.01,"2019-10-14 17:27:24","2019-10-18 09:43:14"
303,"пластическая хирургия. фото на сайте doctorplastic.",1,0.27,1,0.41,1,0.01,"2020-06-12 03:18:16","2020-06-12 03:18:16"
304,"пластические операции фото",1,0.27,1,0.41,2,0.01,"2020-04-25 12:44:56","2020-04-29 08:59:23"
305,"пластические операции: хирургическое увеличение груди. маммопластика.",1,0.27,1,0.41,1,0.01,"2013-08-11 16:30:26","2013-08-11 16:30:26"
306,"пластический хирург",1,0.27,1,0.41,1,0.01,"2013-08-15 08:15:43","2013-08-15 08:15:43"
307,"пластический хирург илья сергеев – пластические операции: увеличение груди, липосакция, ринопластика, подтяжка лица, подтяжка груди, уменьшение груди - пластическая хирургия.",1,0.27,1,0.41,1,0.01,"2017-10-16 19:07:01","2017-10-16 19:07:01"
308,"пластического хирурга",1,0.27,1,0.41,1,0.01,"2018-04-25 01:19:49","2018-04-25 01:19:49"
309,"пластической операции",1,0.27,1,0.41,1,0.01,"2014-06-13 04:07:31","2014-06-13 04:07:31"
310,"подробнее на doctorplastic.ru",1,0.27,1,0.41,1,0.01,"2019-12-12 03:17:13","2019-12-12 03:17:13"
311,"подробнее →",1,0.27,1,0.41,10,0.06,"2016-03-22 06:29:22","2020-05-20 18:03:08"
312,"подробно здесь",1,0.27,1,0.41,1,0.01,"2020-06-06 18:25:08","2020-06-06 18:25:08"
313,"подробно на www.doctorplastic.ru",1,0.27,1,0.41,4,0.02,"2020-02-07 22:47:45","2020-03-08 22:41:46"
314,"подробно тут",1,0.27,1,0.41,2,0.01,"2018-09-09 10:07:44","2020-05-22 15:56:58"
315,"подробную информацию об акции",1,0.27,1,0.41,6,0.04,"2016-02-21 20:48:17","2020-03-12 14:44:40"
316,"подтяжку груди",1,0.27,1,0.41,1,0.01,"2017-03-17 21:29:22","2017-03-17 21:29:22"
317,"праздничные предложения",1,0.27,1,0.41,6,0.04,"2016-03-12 01:21:20","2020-04-13 01:58:19"
318,"препараты нового поколения",1,0.27,1,0.41,2,0.01,"2016-02-16 15:25:46","2020-05-11 21:57:56"
319,"профессор илья вячеславович сергеев",1,0.27,1,0.41,5,0.03,"2016-02-20 11:45:21","2020-05-13 19:47:34"
320,"профессор самуэльссон",1,0.27,1,0.41,1,0.01,"2019-11-26 12:06:35","2019-11-26 12:06:35"
321,"процедуру выходного дня",1,0.27,1,0.41,6,0.04,"2016-02-18 00:23:25","2020-04-23 04:25:58"
322,"рабодзей ольга павловна",1,0.27,1,0.41,2,0.01,"2016-04-26 13:15:03","2019-12-11 22:51:11"
323,радиесс,1,0.27,1,0.41,1,0.01,"2019-07-12 02:58:45","2019-07-12 02:58:45"
324,"редукционная маммопластика",1,0.27,1,0.41,1,0.01,"2019-02-01 18:35:15","2019-02-01 18:35:15"
325,"результат эстетической коррекции губ",1,0.27,1,0.41,2,0.01,"2017-04-07 16:49:47","2019-04-29 02:03:10"
326,результаты,1,0.27,1,0.41,2,0.01,"2018-10-22 03:17:25","2020-05-31 05:54:29"
327,"ринопластика носа",1,0.27,1,0.41,1,0.01,"2020-04-14 18:57:42","2020-04-14 18:57:42"
328,"ринопластика носа цены",1,0.27,1,0.41,1,0.01,"2020-06-15 11:52:43","2020-06-15 11:52:43"
329,"ринопластика фото",1,0.27,1,0.41,1,0.01,"2013-08-14 19:33:33","2013-08-14 19:33:33"
330,"рубцы постакне лечение",1,0.27,1,0.41,1,0.01,"2019-10-06 19:09:20","2019-10-06 19:09:20"
331,"с фотографиями результатов «до и после»",1,0.27,1,0.41,2,0.01,"2017-05-17 17:03:22","2020-06-03 08:35:42"
332,сайте,1,0.27,1,0.41,1,0.01,"2020-05-17 12:25:39","2020-05-17 12:25:39"
333,"самая точная в мире система компьютерного моделирования груди 3d form",1,0.27,1,0.41,1,0.01,"2017-04-08 12:35:05","2017-04-08 12:35:05"
334,"сделать лазерную эпиляцию в мск",1,0.27,1,0.41,1,0.01,"2019-07-04 02:05:34","2019-07-04 02:05:34"
335,"см. фото результатов",1,0.27,1,0.41,2,0.01,"2019-02-21 11:08:31","2020-06-07 14:31:34"
336,"ссылка на страницу",1,0.27,1,0.41,4,0.02,"2020-05-10 09:19:12","2020-06-12 19:39:22"
337,"стоимость прилиджи 20 иваново",1,0.27,1,0.41,1,0.01,"2016-11-13 08:31:21","2016-11-13 08:31:21"
338,"тагир ришатович",1,0.27,1,0.41,5,0.03,"2016-04-28 02:34:39","2020-03-26 21:08:50"
339,"только липосакция",1,0.27,1,0.41,1,0.01,"2017-03-17 21:29:22","2017-03-17 21:29:22"
340,"у нас на doctorplastic.ru",1,0.27,1,0.41,1,0.01,"2020-06-09 12:21:40","2020-06-09 12:21:40"
341,"увеличение груди в москве",1,0.27,1,0.41,1,0.01,"2018-04-01 05:00:42","2018-04-01 05:00:42"
342,"увеличение груди стоимость",1,0.27,1,0.41,2,0.01,"2020-06-06 10:02:48","2020-06-06 11:17:25"
343,"увеличение груди, отзывы",1,0.27,1,0.41,1,0.01,"2017-10-15 18:27:34","2017-10-15 18:27:34"
344,"увеличение груди, цена",1,0.27,1,0.41,2,0.01,"2015-03-05 19:32:51","2019-05-17 02:04:24"
345,"увеличение губ гиалуроновой кислотой",1,0.27,1,0.41,1,0.01,"2020-06-05 20:28:02","2020-06-05 20:28:02"
346,"увеличение губ по оптимальной стоимости",1,0.27,1,0.41,2,0.01,"2019-12-08 11:08:42","2020-05-20 16:23:04"
347,"увеличение размера груди",1,0.27,1,0.41,1,0.01,"2014-11-09 16:55:34","2014-11-09 16:55:34"
348,"увеличения груди без использования имплантов",1,0.27,1,0.41,1,0.01,"2017-03-17 21:29:22","2017-03-17 21:29:22"
349,"увеличения мужской груди",1,0.27,1,0.41,1,0.01,"2017-12-20 19:22:01","2017-12-20 19:22:01"
350,"увеліченіе груді",1,0.27,1,0.41,2,0.01,"2018-12-21 23:50:43","2018-12-21 23:50:43"
351,"узнать больше о преимуществах точного компьютерном моделировании 3d form",1,0.27,1,0.41,2,0.01,"2016-04-26 13:15:03","2019-12-11 22:51:11"
352,"ультразвуковая липосакция",1,0.27,1,0.41,1,0.01,"2017-04-06 18:36:33","2017-04-06 18:36:33"
353,"ульфу самуэльссону",1,0.27,1,0.41,4,0.02,"2016-02-20 22:35:35","2020-04-16 22:28:51"
354,"уникальной методики быстрого и малотравматичного увеличения груди",1,0.27,1,0.41,1,0.01,"2015-05-15 13:33:48","2015-05-15 13:33:48"
355,"файзуллин тагир ришатович",1,0.27,1,0.41,2,0.01,"2016-04-26 13:15:03","2019-12-11 22:51:11"
356,"федор пендеров",1,0.27,1,0.41,1,0.01,"2017-10-19 03:53:43","2017-10-19 03:53:43"
357,"фото результатов и видеорепортаж",1,0.27,1,0.41,2,0.01,"2016-02-16 01:23:04","2020-04-22 02:28:30"
358,"хирургическая пластика груди",1,0.27,1,0.41,2,0.01,"2017-06-03 11:28:06","2017-06-03 11:28:06"
359,"хороший эстетический результат",1,0.27,1,0.41,1,0.01,"2017-03-17 21:29:22","2017-03-17 21:29:22"
360,"центра doctor plastic",1,0.27,1,0.41,5,0.03,"2016-02-18 16:29:21","2020-02-28 08:38:23"
361,"центра dr.plastic",1,0.27,1,0.41,1,0.01,"2016-02-28 03:10:10","2016-02-28 03:10:10"
362,"центра пластической хирургии и косметологии doctor plastic",1,0.27,1,0.41,2,0.01,"2018-10-22 01:19:50","2020-03-24 20:31:18"
363,"цыганова ольга анатольевна",1,0.27,1,0.41,1,0.01,"2015-01-13 09:27:35","2015-01-13 09:27:35"
364,"школы пластической хирургии доктора сергеева",1,0.27,1,0.41,4,0.02,"2016-03-01 17:35:52","2020-05-15 01:20:58"
365,"элос эпиляция",1,0.27,1,0.41,2,0.01,"2018-08-24 17:51:34","2018-08-24 17:51:34"
366,"элос эпиляция цены москва",1,0.27,1,0.41,6,0.04,"2018-04-21 16:52:26","2019-11-04 18:46:34"
367,"этой ссылке",1,0.27,1,0.41,1,0.01,"2019-03-03 19:15:53","2019-03-03 19:15:53"
368,"“до” и “после” (анатомические имплантаты)",1,0.27,1,0.41,1,0.01,"2018-05-26 13:28:00","2018-05-26 13:28:00"
369,"“до” и “после” (круглые имплантаты)",1,0.27,1,0.41,1,0.01,"2018-05-26 13:28:00","2018-05-26 13:28:00"
370,"������ �� ������",1,0.27,1,0.41,2,0.01,"2019-10-30 20:40:32","2019-11-16 23:19:09"
371,"������� �������� ��������",1,0.27,1,0.41,2,0.01,"2019-07-12 22:09:54","2019-07-15 00:43:04"
372,"�������� �������� ���� ���� � ���",1,0.27,1,0.41,2,0.01,"2020-04-18 00:09:59","2020-05-04 12:51:50"
373,"������������ ������������ ��������",1,0.27,1,0.41,1,0.01,"2017-11-22 21:49:21","2017-11-22 21:49:21"
374,/,1,0.27,0,0,1,0.01,"2018-11-12 08:55:03","2020-02-07 17:47:17"
375,/ceny/,1,0.27,0,0,1,0.01,"2020-05-01 03:07:48","2020-05-01 03:07:48"
376,/ceny/plasticheskaya-hirurgiya/,1,0.27,0,0,1,0.01,"2018-11-12 08:55:03","2020-02-07 17:47:17"
377,/fotografii-rezultatov-do-i-posle/,1,0.27,0,0,1,0.01,"2020-05-01 03:07:48","2020-05-01 03:07:48"
378,/inekcionnaya-kosmetologiya/bioarmirovanie/,1,0.27,0,0,1,0.01,"2019-04-28 22:09:52","2020-02-07 12:24:04"
379,/inekcionnaya-kosmetologiya/botoks/,1,0.27,0,0,1,0.01,"2018-11-12 08:55:03","2020-02-07 17:47:17"
380,/inekcionnaya-kosmetologiya/konturnaya-plastika-gub/,1,0.27,0,0,1,0.01,"2018-11-12 08:55:03","2020-02-07 17:47:17"
381,/inekcionnaya-kosmetologiya/konturnaya-plastika/,1,0.27,0,0,1,0.01,"2018-11-12 08:55:03","2020-02-07 17:47:17"
382,/inekcionnaya-kosmetologiya/mezoniti-lico/,1,0.27,0,0,1,0.01,"2018-11-12 08:55:03","2020-02-07 17:47:17"
383,/kosmetologiya/,1,0.27,0,0,1,0.01,"2020-05-01 03:07:48","2020-05-01 03:07:48"
384,/kosmetologiya/inekcionnaya-kosmetologiya/,1,0.27,0,0,1,0.01,"2020-05-01 03:07:48","2020-05-01 03:07:48"
385,/kosmetologiya/lazernaya-kosmetologiya/,1,0.27,0,0,1,0.01,"2020-05-01 03:07:48","2020-05-01 03:07:48"
386,/kosmetologiya/lica/,1,0.27,0,0,1,0.01,"2020-05-01 03:07:48","2020-05-01 03:07:48"
387,/lasernaya-apparatnaya-kosmetologiya/epilyaciya/elos/,1,0.27,0,0,1,0.01,"2018-11-12 08:55:03","2020-02-07 17:47:17"
388,/lasernaya-apparatnaya-kosmetologiya/frakcionnoe-lasernoe-omolojenie/,1,0.27,0,0,1,0.01,"2020-05-01 03:07:48","2020-05-01 03:07:48"
389,/lazernaya-apparatnaya-kosmetologiya/fotoomolozhenie-elos/,1,0.27,0,0,1,0.01,"2018-11-12 08:55:03","2020-02-07 17:47:17"
390,/lazernaya-apparatnaya-kosmetologiya/lazernaya-shlifovka/,1,0.27,0,0,1,0.01,"2019-04-28 22:09:52","2020-02-07 12:24:04"
391,/lazernaya-i-apparatnaya-kosmetologiya/mikrotokovaya-terapiya/,1,0.27,0,0,1,0.01,"2020-05-01 03:07:48","2020-05-01 03:07:48"
392,/miniplastika/liposakciya-podborodka/,1,0.27,0,0,1,0.01,"2019-02-13 14:45:26","2020-02-07 17:47:17"
393,/plastica-grudi/,1,0.27,0,0,1,0.01,"2018-11-12 08:55:03","2020-02-07 17:47:17"
394,/plastica-grudi/grudnye-implanty/,1,0.27,0,0,1,0.01,"2020-05-01 03:07:48","2020-05-01 03:07:48"
395,/plastica-grudi/korrekciya-tubulyarnosti-grudi/,1,0.27,0,0,1,0.01,"2020-05-01 03:07:48","2020-05-01 03:07:48"
396,/plastica-grudi/lipofiling-grudi/,1,0.27,0,0,1,0.01,"2018-11-12 08:55:03","2020-02-07 17:47:17"
397,/plastica-grudi/mammoplastika-price/,1,0.27,0,0,1,0.01,"2019-04-28 22:09:52","2020-02-07 12:24:04"
398,/plastica-grudi/podtyagka-grudy/,1,0.27,0,0,1,0.01,"2018-11-12 08:55:03","2020-02-07 17:47:17"
399,/plastica-grudi/umenshenie-grudi/,1,0.27,0,0,1,0.01,"2018-11-12 08:55:03","2020-02-07 17:47:17"
400,/plastica-grudi/uvelichenie-grudi/,1,0.27,0,0,1,0.01,"2018-11-12 08:55:03","2020-02-07 17:47:17"
401,/plastica-lica/blefaroplastica/,1,0.27,0,0,1,0.01,"2018-11-12 08:55:03","2020-02-07 17:47:17"
402,/plastica-lica/otoplastica/,1,0.27,0,0,1,0.01,"2018-11-12 08:55:03","2020-02-07 17:47:17"
403,/plastica-lica/podtyajka-lica/,1,0.27,0,0,1,0.01,"2018-11-12 08:55:03","2020-02-07 17:47:17"
404,/plastica-lica/smas-lifting/,1,0.27,0,0,1,0.01,"2018-11-12 08:55:03","2020-02-07 17:47:17"
405,/plastica-tela/liposakciya/,1,0.27,0,0,1,0.01,"2018-11-12 08:55:03","2020-02-07 17:47:17"
406,/plastica-tela/liposakciya/lazernaya/,1,0.27,0,0,1,0.01,"2020-05-01 03:07:48","2020-05-01 03:07:48"
407,/plastika-lica/,1,0.27,0,0,1,0.01,"2020-05-01 03:07:48","2020-05-01 03:07:48"
408,/plastika-lica/lifting-sredney-zony-lica/,1,0.27,0,0,1,0.01,"2020-05-01 03:07:48","2020-05-01 03:07:48"
409,/plastika-lica/plastika-shei-i-podborodka/,1,0.27,0,0,1,0.01,"2018-11-12 08:55:03","2020-02-07 17:47:17"
410,/plastika-tela/,1,0.27,0,0,1,0.01,"2018-11-12 08:55:03","2020-02-07 17:47:17"
411,/plastika-tela/miniabdominoplastika/,1,0.27,0,0,1,0.01,"2018-11-12 08:55:03","2020-02-07 17:47:17"
412,/specialisty/plasticheskie-hirurgi/,1,0.27,0,0,1,0.01,"2018-11-12 08:55:03","2020-02-07 17:47:17"
413,"3d сканирования",1,0.27,0,0,1,0.01,"2018-11-08 00:18:08","2018-11-08 00:18:08"
414,3d-1.jpg,2,0.53,0,0,2,0.01,"2019-02-16 01:20:48","2019-09-12 12:39:15"
415,"[​img] крупнейшая московская клиника пластической хирургии и косметологии",2,0.53,0,0,3,0.02,"2018-06-28 18:32:38","2020-03-28 05:23:08"
416,"doctor plastic!",1,0.27,0,0,3,0.02,"2017-01-29 16:44:14","2017-02-11 09:19:19"
417,doctorplastic.ru/about,1,0.27,0,0,1,0.01,"2016-02-17 17:16:17","2020-04-18 20:25:00"
418,doctorplastic.ru/about/specialoffers/1642607/,1,0.27,0,0,2,0.01,"2016-06-01 11:01:35","2016-06-01 11:01:35"
419,doctorplastic.ru/increase,1,0.27,0,0,1,0.01,"2018-11-30 03:59:43","2018-11-30 03:59:43"
420,doctorplastic.ru/news/1641097/,1,0.27,0,0,6,0.04,"2015-03-23 22:55:11","2019-11-05 13:11:34"
421,"go url",1,0.27,0,0,1,0.01,"2019-11-05 04:50:37","2019-11-05 04:50:37"
422,http://doctorplastic.ru/about/specialoffers/1639891/,1,0.27,0,0,1,0.01,"2020-05-26 17:06:27","2020-05-26 17:06:27"
423,http://doctorplastic.ru/news/1641397/,1,0.27,0,0,2,0.01,"2018-01-05 03:53:06","2020-01-20 15:35:48"
424,"http://www.doctorplastic.ru/ link",1,0.27,0,0,11,0.07,"2013-08-22 06:35:56","2020-05-15 17:57:08"
425,http://www.doctorplastic.ru/1444878/3d_form/,1,0.27,0,0,2,0.01,"2018-01-11 03:08:20","2020-01-19 09:53:59"
426,http://www.doctorplastic.ru/1466574/1627781/,1,0.27,0,0,5,0.03,"2019-05-25 23:50:26","2020-06-08 06:10:20"
427,http://www.doctorplastic.ru/1562191/#face,1,0.27,0,0,1,0.01,"2019-03-23 02:18:24","2019-07-29 00:04:21"
428,http://www.doctorplastic.ru/1626973/,1,0.27,0,0,1,0.01,"2020-05-31 09:45:02","2020-05-31 09:45:02"
429,http://www.doctorplastic.ru/about/specialoffers/1639433/,1,0.27,0,0,166,1,"2016-09-25 21:20:11","2020-06-10 00:03:42"
430,http://www.doctorplastic.ru/about/specialoffers/skidka-na-smas-lifting/,1,0.27,0,0,2,0.01,"2018-09-28 09:06:04","2019-07-12 18:13:44"
431,http://www.doctorplastic.ru/cache/200/1574667_param0.jpg,1,0.27,0,0,1,0.01,"2018-02-24 15:43:57","2020-05-19 16:13:51"
432,http://www.doctorplastic.ru/cache/200/1630772_param0.jpg,1,0.27,0,0,1,0.01,"2018-06-16 02:13:13","2020-05-19 16:13:51"
433,http://www.doctorplastic.ru/cache/200/1632505_param0.jpg,1,0.27,0,0,1,0.01,"2018-06-16 02:13:13","2020-05-19 16:13:51"
434,http://www.doctorplastic.ru/ceny/,3,0.80,0,0,3,0.02,"2020-03-11 06:22:56","2020-06-09 19:13:51"
435,http://www.doctorplastic.ru/news/1640866/,1,0.27,0,0,1,0.01,"2019-12-03 17:22:01","2019-12-03 17:22:01"
436,http://www.doctorplastic.ru/news/1642103/,2,0.53,0,0,39,0.24,"2016-10-02 21:51:44","2020-06-06 03:17:48"
437,http://www.doctorplastic.ru/personal/,1,0.27,0,0,14,0.08,"2016-02-23 08:58:34","2019-02-23 09:55:56"
438,http://www.doctorplastic.ru/personal/1514557/,1,0.27,0,0,2,0.01,"2017-03-04 01:18:17","2020-01-15 03:27:11"
439,http://www.doctorplastic.ru/personal/1627520/,1,0.27,0,0,2,0.01,"2019-05-25 23:50:26","2020-01-06 16:17:38"
440,http://www.doctorplastic.ru/personal/1631796/,1,0.27,0,0,1,0.01,"2018-05-28 01:25:22","2018-05-28 01:25:22"
441,http://www.doctorplastic.ru/personal/konstantinov/,1,0.27,0,0,2,0.01,"2020-01-15 03:27:11","2020-01-16 18:49:51"
442,http://www.doctorplastic.ru/personal/sergeev/,1,0.27,0,0,1,0.01,"2018-05-28 01:25:22","2018-05-28 01:25:22"
443,http://www.doctorplastic.ru/photos/1444911/1444913/1581257/,1,0.27,0,0,1,0.01,"2018-02-24 15:43:57","2020-05-19 16:13:51"
444,http://www.doctorplastic.ru/services/,1,0.27,0,0,2,0.01,"2019-12-29 07:00:36","2020-06-12 15:11:53"
445,http://www.doctorplastic.ru/surgery/1444878/,1,0.27,0,0,1,0.01,"2017-07-04 11:50:52","2017-07-04 11:50:52"
446,http://www.doctorplastic.ru/surgery/1444882/,1,0.27,0,0,1,0.01,"2017-08-26 14:40:05","2017-08-26 14:40:05"
447,"http://www.doctorplastic.ru/surgery/con ... 257/-здесь",1,0.27,0,0,1,0.01,"2017-06-28 04:10:33","2017-06-28 04:10:33"
448,http://www.doctorplastic.ru/video/,1,0.27,0,0,1,0.01,"2016-11-08 11:18:33","2016-11-08 11:18:33"
449,http://www.doctorplastic.ru/worldnews/1631795/,1,0.27,0,0,1,0.01,"2019-10-02 08:43:33","2019-10-02 08:43:33"
450,http://www.doctorplastic.ru/worldnews/selfi-s-putinym/,1,0.27,0,0,2,0.01,"2017-02-28 12:36:45","2020-01-18 17:15:02"
451,https://www.doctorplastic.ru/surgery/male/,1,0.27,0,0,2,0.01,"2019-06-09 11:25:30","2019-07-26 23:16:46"
452,ia-otchet2.jpg,1,0.27,0,0,1,0.01,"2019-02-24 16:13:18","2019-02-24 16:13:18"
453,lbust.doctorplastic.ru/,1,0.27,0,0,5,0.03,"2018-11-04 15:53:31","2020-06-07 04:09:09"
454,www.doctorplastic.ru/plastica-grudi/podtyagka-grudy,1,0.27,0,0,1,0.01,"2020-05-28 11:57:03","2020-05-28 11:57:03"
455,www.doctorplastic.ru/robots.txt,1,0.27,0,0,1,0.01,"2020-05-31 06:06:27","2020-05-31 06:06:27"
456,«dr.plastic»,1,0.27,0,0,1,0.01,"2020-06-13 20:22:50","2020-06-13 20:22:50"
457,"«лучший хирург»",1,0.27,0,0,1,0.01,"2016-12-14 22:43:20","2016-12-14 22:43:20"
458,"авторская методика экспресс-омоложения софтлифтинг",1,0.27,0,0,1,0.01,"2014-10-24 17:33:32","2014-10-24 17:33:32"
459,"алексей самсонов (дом-2), ринопластика",1,0.27,0,0,1,0.01,"2020-06-14 04:45:37","2020-06-14 04:45:37"
460,"возможности мастопексии...",1,0.27,0,0,1,0.01,"2020-06-12 17:39:12","2020-06-12 17:39:12"
461,"выберите идеальную грудь!",1,0.27,0,0,1,0.01,"2017-11-22 09:05:24","2017-11-22 09:05:24"
462,"главный врач центра dr.plastic",1,0.27,0,0,1,0.01,"2016-12-14 22:43:20","2016-12-14 22:43:20"
463,"гото doctorplastic.ru",1,0.27,0,0,1,0.01,"2014-08-28 10:06:27","2014-08-28 10:06:27"
464,"громкая история",1,0.27,0,0,1,0.01,"2016-12-14 22:43:20","2016-12-14 22:43:20"
465,"дмитрий труфанов",2,0.53,0,0,3,0.02,"2020-01-26 10:14:52","2020-04-05 22:50:40"
466,"до и после повторной пластики груди",1,0.27,0,0,10,0.06,"2014-10-30 09:57:30","2019-11-08 08:30:04"
467,"записаться на консультацию...",1,0.27,0,0,4,0.02,"2020-03-11 14:12:11","2020-03-17 04:58:21"
468,запись,1,0.27,0,0,1,0.01,"2017-10-23 15:10:54","2020-03-18 16:08:35"
469,"запись на консультации и процедуры к доктору самуэльссону",1,0.27,0,0,1,0.01,"2014-10-24 17:33:32","2014-10-24 17:33:32"
470,"ильей вячеславовичем сергеевым",1,0.27,0,0,1,0.01,"2018-11-08 00:18:08","2018-11-08 00:18:08"
471,"интимной пластике",1,0.27,0,0,1,0.01,"2016-12-14 22:43:20","2016-12-14 22:43:20"
472,"история и.а. на сайте клиники «доктор пластик»",2,0.53,0,0,2,0.01,"2013-08-09 18:15:05","2017-03-06 12:13:55"
473,"как подтянуть грудь, как увеличить ее размеры и сделать красивой",1,0.27,0,0,1,0.01,"2019-09-21 00:26:54","2019-09-21 00:26:54"
474,"какой имплантат выбрать?",1,0.27,0,0,1,0.01,"2020-03-11 16:10:15","2020-03-11 16:10:15"
475,"клиника пластической хирургии и косметологии «докторпластик» о премии «хрустальный лотос»",1,0.27,0,0,1,0.01,"2018-10-03 04:49:27","2020-01-17 12:14:08"
476,"клиники «докторпластик»",1,0.27,0,0,1,0.01,"2019-10-14 21:37:27","2019-10-14 21:37:27"
477,"клиники пластической хирургии и косметологии «доктор пластик»",1,0.27,0,0,1,0.01,"2020-06-02 03:40:26","2020-06-02 03:40:26"
478,"кожа страшно обвисла",1,0.27,0,0,1,0.01,"2016-12-14 22:43:20","2016-12-14 22:43:20"
479,"коррекцией тубулярности груди?",1,0.27,0,0,2,0.01,"2019-08-23 14:58:26","2020-06-01 00:07:45"
480,"кто такой проф. ульф самуэльссон",2,0.53,0,0,2,0.01,"2013-08-09 18:15:05","2017-03-06 12:13:55"
481,"куда можно обратиться?",1,0.27,0,0,3,0.02,"2020-03-11 16:10:15","2020-06-12 17:39:12"
482,"липомоделирование body jet",1,0.27,0,0,1,0.01,"2020-01-18 02:27:03","2020-01-18 02:27:03"
483,мастопексия,1,0.27,0,0,1,0.01,"2016-12-14 22:43:20","2016-12-14 22:43:20"
484,"методика липомоделирования на аппарате body jet",1,0.27,0,0,1,0.01,"2018-11-08 00:18:08","2018-11-08 00:18:08"
485,"методика пришла в москву!",1,0.27,0,0,1,0.01,"2020-01-02 06:13:36","2020-01-02 06:13:36"
486,"москва, мясницкая 32 стр 1",2,0.53,0,0,3,0.02,"2018-06-28 18:32:38","2020-03-28 05:23:08"
487,"новую безоперационную технологию увеличения груди",1,0.27,0,0,1,0.01,"2020-01-31 05:59:13","2020-01-31 05:59:13"
488,"официальный сайт",2,0.53,0,0,7933,48,"2018-11-10 00:17:04","2020-06-16 05:13:46"
489,"перейти на сайт доктора",1,0.27,0,0,2,0.01,"2018-03-07 22:03:08","2019-06-07 06:32:18"
490,"пластическая хирургия носа, шеи, груди. cайт doctorplastic.",1,0.27,0,0,1,0.01,"2013-10-14 22:24:02","2013-10-14 22:24:02"
491,"пластический хирург ульф самуэльссон",1,0.27,0,0,1,0.01,"2014-10-24 17:33:32","2014-10-24 17:33:32"
492,"пластической хирургии у мужчин",1,0.27,0,0,1,0.01,"2020-03-05 06:13:03","2020-03-05 06:13:03"
493,"подтяжки лица",1,0.27,0,0,1,0.01,"2018-08-05 02:20:21","2018-08-05 02:20:21"
494,"посетить вебсайт",1,0.27,0,0,1,0.01,"2017-04-21 00:01:28","2017-04-21 00:01:28"
495,"посетить сайт",1,0.27,0,0,1,0.01,"2018-08-18 20:31:30","2018-08-18 20:31:30"
496,"профессор пластической хирургии ульф самуэльссон",1,0.27,0,0,1,0.01,"2020-01-02 06:13:36","2020-01-02 06:13:36"
497,пынзарь,1,0.27,0,0,1,0.01,"2019-11-27 21:26:46","2019-11-27 21:26:46"
498,сейчас,1,0.27,0,0,1,0.01,"2017-05-17 15:25:44","2017-05-17 15:25:44"
499,"сергеева ильи вячеславовича.",1,0.27,0,0,1,0.01,"2017-11-22 09:05:24","2017-11-22 09:05:24"
500,"смотреть цены...",1,0.27,0,0,1,0.01,"2020-03-11 16:10:15","2020-03-11 16:10:15"
501,ссылка,1,0.27,0,0,123,0.74,"2017-09-14 17:13:09","2020-05-31 10:09:08"
502,"стоимость услуг...",1,0.27,0,0,1,0.01,"2020-03-17 04:58:21","2020-03-17 04:58:21"
503,"стоимость услуги...",1,0.27,0,0,1,0.01,"2020-03-11 21:25:57","2020-03-11 21:25:57"
504,"текущие акции...",1,0.27,0,0,5,0.03,"2020-03-11 14:12:11","2020-03-17 04:58:21"
505,"увеличение мужского достоинства",1,0.27,0,0,1,0.01,"2020-01-27 09:10:51","2020-01-27 09:10:51"
506,"увеличить грудь без швов с самыми лучшими имплантами",1,0.27,0,0,1,0.01,"2020-05-31 11:45:34","2020-05-31 11:45:34"
507,"узнать больше...",1,0.27,0,0,2,0.01,"2020-03-11 16:10:15","2020-03-11 21:25:57"
508,"узнать стоимость...",1,0.27,0,0,3,0.02,"2020-03-11 14:12:11","2020-06-12 17:39:12"
509,"ульфа самуэльссона",1,0.27,0,0,1,0.01,"2017-10-23 15:10:54","2020-03-18 16:08:35"
510,"уникальной авторской методике",1,0.27,0,0,1,0.01,"2020-01-12 08:10:47","2020-01-12 08:10:47"
511,"уточнить ценуonline-чатне. ovisus.md. блефаропластика - эт",1,0.27,0,0,1,0.01,"2018-06-10 22:16:57","2018-06-10 22:16:57"
512,"фото до и после пластической операции",1,0.27,0,0,1,0.01,"2018-09-25 10:27:49","2019-05-23 19:21:30"
513,"хирург центра",1,0.27,0,0,1,0.01,"2016-12-14 22:43:20","2016-12-14 22:43:20"
514,"центра dr. plastic",1,0.27,0,0,1,0.01,"2018-11-08 00:18:08","2018-11-08 00:18:08"
515,"центра пластической хирургии",1,0.27,0,0,1,0.01,"2018-08-05 02:20:21","2018-08-05 02:20:21"
516,"что может помочь?",1,0.27,0,0,1,0.01,"2020-06-12 17:39:12","2020-06-12 17:39:12"
517,"что можно сделать?",1,0.27,0,0,1,0.01,"2020-03-11 21:25:57","2020-03-11 21:25:57"
