"Page rating (desc)",URL,"Organic traffic","HTTP status code",Depth,"Meta description","Meta description length","No. of meta descriptions","Is indexable page"
100,https://www.frauklinik.ru/news/,0,200,1,,,0,Yes
99,https://www.frauklinik.ru/doctor/,10.780841,200,1,,,0,Yes
99,https://www.frauklinik.ru/about/patients_stories.php,0,200,1,,,0,Yes
99,https://www.frauklinik.ru/about/blog.php,0,200,1,,,0,Yes
99,https://www.frauklinik.ru/contacts/,10.574141,200,1,,,0,Yes
99,https://www.frauklinik.ru/about/our_clinics.php,0,200,1,,,0,Yes
99,https://www.frauklinik.ru/price/,48.295603,200,1,,,0,Yes
99,https://www.frauklinik.ru/faq/,0,200,1,,,0,Yes
99,https://www.frauklinik.ru/about/,1.174945,200,1,,,0,Yes
99,https://www.frauklinik.ru/do_i_posle/,0.004142,200,1,,,0,Yes
87,https://www.frauklinik.ru/about/inogorodnim_patsientam.php,1.0E-6,200,2,,,0,Yes
86,https://www.frauklinik.ru/about/tv_proekty.php,0,200,2,,,0,Yes
86,https://www.frauklinik.ru/about/videoprotsedury.php,0,200,2,,,0,Yes
86,https://www.frauklinik.ru/about/licence.php,0,200,2,,,0,Yes
72,https://www.frauklinik.ru/faq/form.php,0,200,3,,,0,Yes
65,https://www.frauklinik.ru/faq/topic.php?id=1&page=1,0,200,3,,,0,Yes
65,https://www.frauklinik.ru/doctor/blohin.php,99.893221,200,1,,,0,Yes
55,https://www.frauklinik.ru/plasticheskaya-hirurgia/miniabdominoplastika.php,0.000852,200,2,,,0,Yes
54,https://www.frauklinik.ru/about/video_10_years.php,26.89164,200,1,,,0,Yes
54,https://www.frauklinik.ru/doctor/wulf.php,16.762042,200,1,,,0,Yes
50,https://www.frauklinik.ru/about/video_perezagruzka.php,0.358783,200,1,,,0,Yes
49,https://www.frauklinik.ru/doctor/portnoj.php,2.22901,200,2,,,0,Yes
48,https://www.frauklinik.ru/doctor/badak.php,0.009455,200,1,,,0,Yes
47,https://www.frauklinik.ru/about/article_adel_sergeenkova_povtor_mammoplast_blohin.php,1.053354,200,1,,,0,Yes
46,https://www.frauklinik.ru/about/article_man_varikoz_mif_realnost.php,0,200,1,,,0,Yes
46,https://www.frauklinik.ru/doctor/tumakov.php,7.241462,200,1,,,0,Yes
46,https://www.frauklinik.ru/doctor/vischipanova.php,7.814296,200,2,,,0,Yes
46,https://www.frauklinik.ru/about/story_vodonaeva.php,6.378603,200,1,,,0,Yes
43,https://www.frauklinik.ru/doctor/egorova_m_v.php,1.407063,200,1,,,0,Yes
43,https://www.frauklinik.ru/about/article_v_sokolovskiy_mother_plast_oper.php,0.052212,200,1,,,0,Yes
42,https://www.frauklinik.ru/doctor/podolskaya_tatyana_viktorovna.php,0.783678,200,2,,,0,Yes
41,https://www.frauklinik.ru/doctor/filippov.php,0.013784,200,1,,,0,Yes
41,https://www.frauklinik.ru/about/story_aiza_anohina.php,0.000268,200,1,,,0,Yes
41,https://www.frauklinik.ru/doctor/karpov.php,0.123033,200,2,,,0,Yes
41,https://www.frauklinik.ru/doctor/tsukanov.php,1.0E-6,200,2,,,0,Yes
40,https://www.frauklinik.ru/faq/topic.php?id=2&page=1,0,200,3,,,0,Yes
39,https://www.frauklinik.ru/about/story_smolnaya.php,31.931498,200,2,,,0,Yes
39,https://www.frauklinik.ru/doctor/kardash.php,0,200,2,,,0,Yes
39,https://www.frauklinik.ru/about/story_ivanova.php,2.652139,200,2,,,0,Yes
39,https://www.frauklinik.ru/about/story_strig.php,1.021479,200,2,,,0,Yes
39,https://www.frauklinik.ru/about/story_danilova.php,4.301564,200,2,,,0,Yes
38,https://www.frauklinik.ru/about/article_udalenie_implantatov_new_trend.php,0,200,1,,,0,Yes
38,https://www.frauklinik.ru/doctor/lekomtseva.php,0,200,2,,,0,Yes
38,https://www.frauklinik.ru/doctor/kondratiev.php,0,200,1,,,0,Yes
37,https://www.frauklinik.ru/doctor/akhtyamova.php,3.3E-5,200,2,,,0,Yes
37,https://www.frauklinik.ru/price/preyskurant_kosmetologiya.php,0.877295,200,2,,,0,Yes
37,https://www.frauklinik.ru/price/plasticheskaya_khirurgiya.php,0.877295,200,2,,,0,Yes
36,https://www.frauklinik.ru/doctor/naydenov_flebolog.php,0.007549,200,2,,,0,Yes
36,https://www.frauklinik.ru/doctor/hakunova.php,0,200,2,,,0,Yes
36,https://www.frauklinik.ru/price/stomatologia.php,0,200,2,,,0,Yes
35,https://www.frauklinik.ru/about/article_deep-smas_tumakov.php,6.0E-6,200,2,,,0,Yes
35,https://www.frauklinik.ru/about/story_bondarchuk.php,2.266742,200,2,,,0,Yes
35,https://www.frauklinik.ru/about/story_litvinenko.php,8.4089,200,2,,,0,Yes
35,https://www.frauklinik.ru/doctor/belyanina.php,0.010156,200,2,,,0,Yes
35,https://www.frauklinik.ru/about/story_shturm.php,8.001724,200,2,,,0,Yes
35,https://www.frauklinik.ru/about/story_brazgovka.php,6.118684,200,2,,,0,Yes
35,https://www.frauklinik.ru/about/story_alisa_mon.php,0.837673,200,2,,,0,Yes
34,https://www.frauklinik.ru/about/story_dolginy.php,0.001683,200,2,,,0,Yes
33,https://www.frauklinik.ru/news/19/,0,200,2,,,0,Yes
33,https://www.frauklinik.ru/news/16/,0,200,2,,,0,Yes
33,https://www.frauklinik.ru/news/14/,0,200,2,,,0,Yes
33,https://www.frauklinik.ru/news/10/,0,200,2,,,0,Yes
33,https://www.frauklinik.ru/news/8/,0,200,2,,,0,Yes
33,https://www.frauklinik.ru/news/4/,0,200,2,,,0,Yes
33,https://www.frauklinik.ru/news/17/,0,200,2,,,0,Yes
33,https://www.frauklinik.ru/news/6/,0,200,2,,,0,Yes
33,https://www.frauklinik.ru/news/5/,0,200,2,,,0,Yes
33,https://www.frauklinik.ru/news/2/,0,200,2,,,0,Yes
33,https://www.frauklinik.ru/news/12/,0,200,2,,,0,Yes
33,https://www.frauklinik.ru/news/3/,0,200,2,,,0,Yes
33,https://www.frauklinik.ru/news/15/,0,200,2,,,0,Yes
33,https://www.frauklinik.ru/news/9/,0,200,2,,,0,Yes
33,https://www.frauklinik.ru/news/18/,0,200,2,,,0,Yes
33,https://www.frauklinik.ru/news/13/,0,200,2,,,0,Yes
33,https://www.frauklinik.ru/news/11/,0,200,2,,,0,Yes
33,https://www.frauklinik.ru/news/7/,0,200,2,,,0,Yes
33,https://www.frauklinik.ru/doctor/naydenov_surgeon.php,1.3E-5,200,2,,,0,Yes
33,https://www.frauklinik.ru/doctor/korosteleva_svetlana.php,0,200,2,,,0,Yes
33,https://www.frauklinik.ru/price/uzi.php,0.081382,200,2,,,0,Yes
33,https://www.frauklinik.ru/about/blog_4.php,0,200,2,,,0,Yes
33,https://www.frauklinik.ru/about/blog_13.php,0,200,2,,,0,Yes
33,https://www.frauklinik.ru/about/blog_12.php,0,200,2,,,0,Yes
33,https://www.frauklinik.ru/about/blog_3.php,0,200,2,,,0,Yes
33,https://www.frauklinik.ru/about/blog_9.php,0,200,2,,,0,Yes
33,https://www.frauklinik.ru/about/blog_5.php,0,200,2,,,0,Yes
33,https://www.frauklinik.ru/about/blog_10.php,0,200,2,,,0,Yes
33,https://www.frauklinik.ru/about/blog_14.php,0,200,2,,,0,Yes
33,https://www.frauklinik.ru/about/blog_2.php,0,200,2,,,0,Yes
33,https://www.frauklinik.ru/about/blog_16.php,0,200,2,,,0,Yes
33,https://www.frauklinik.ru/about/blog_8.php,0,200,2,,,0,Yes
33,https://www.frauklinik.ru/about/blog_17.php,0.006288,200,2,,,0,Yes
33,https://www.frauklinik.ru/about/blog_6.php,0,200,2,,,0,Yes
33,https://www.frauklinik.ru/about/blog_7.php,0,200,2,,,0,Yes
33,https://www.frauklinik.ru/about/blog_11.php,0,200,2,,,0,Yes
33,https://www.frauklinik.ru/about/blog_15.php,0,200,2,,,0,Yes
33,https://www.frauklinik.ru/about/blog_18.php,0,200,2,,,0,Yes
33,https://www.frauklinik.ru/about/blog_19.php,0,200,2,,,0,Yes
33,https://www.frauklinik.ru/faq/topic.php?id=7,0,200,2,,,0,Yes
33,https://www.frauklinik.ru/faq/topic.php?id=6,0,200,2,,,0,Yes
33,https://www.frauklinik.ru/faq/topic.php?id=5,0,200,2,,,0,Yes
33,https://www.frauklinik.ru/faq/topic.php?id=4,0,200,2,,,0,Yes
33,https://www.frauklinik.ru/faq/topic.php?id=3,0,200,2,,,0,Yes
33,https://www.frauklinik.ru/faq/topic.php?id=2,0,200,2,,,0,Yes
33,https://www.frauklinik.ru/faq/topic.php?id=1,7.3E-5,200,2,,,0,Yes
33,https://www.frauklinik.ru/price/urologia_andrologia.php,0,200,2,,,0,Yes
33,https://www.frauklinik.ru/price/trihologia.php,0,200,2,,,0,Yes
33,https://www.frauklinik.ru/price/travmatologia.php,0.172545,200,2,,,0,Yes
33,https://www.frauklinik.ru/price/rentgen.php,0,200,2,,,0,Yes
33,https://www.frauklinik.ru/price/otolaringologia.php,0,200,2,,,0,Yes
33,https://www.frauklinik.ru/price/mammologia.php,0,200,2,,,0,Yes
33,https://www.frauklinik.ru/price/krioterapya.php,0,200,2,,,0,Yes
33,https://www.frauklinik.ru/price/ginekologiya.php,0,200,2,,,0,Yes
33,https://www.frauklinik.ru/price/flebologia.php,0,200,2,,,0,Yes
33,https://www.frauklinik.ru/price/dermatologiya.php,0,200,2,,,0,Yes
33,https://www.frauklinik.ru/price/beauty_salon.php,0.000897,200,2,,,0,Yes
33,https://www.frauklinik.ru/doctor/muklakova.php,0.129937,200,2,,,0,Yes
33,https://www.frauklinik.ru/doctor/parfenov.php,0.00028,200,2,,,0,Yes
32,https://www.frauklinik.ru/doctor/chapknova.php,0,200,2,,,0,Yes
31,https://www.frauklinik.ru/doctor/koroleva.php,1.971298,200,2,,,0,Yes
31,https://www.frauklinik.ru/about/story_masha_tsigal.php,0,200,2,,,0,Yes
31,https://www.frauklinik.ru/doctor/tsvetova_lyudmila_vyacheslavovna.php,0.429926,200,2,,,0,Yes
31,https://www.frauklinik.ru/about/story_mitya_fomin_sister.php,1.0E-6,200,2,,,0,Yes
31,https://www.frauklinik.ru/about/article_rak_grudi_realniye_istorii.php,0.109671,200,2,,,0,Yes
31,https://www.frauklinik.ru/about/article_smas_tumakov_52.php,0,200,2,,,0,Yes
31,https://www.frauklinik.ru/about/article_smas_tumakov_50.php,4.1E-5,200,2,,,0,Yes
31,https://www.frauklinik.ru/doctor/smetanko_e_v.php,0,200,2,,,0,Yes
31,https://www.frauklinik.ru/news/8march2020.php,0,200,2,,,0,Yes
31,https://www.frauklinik.ru/about/story_julia_efremenkova.php,9.868883,200,2,,,0,Yes
30,https://www.frauklinik.ru/about/story_svetlana_shidlovskaya.php,0.921779,200,2,,,0,Yes
30,https://www.frauklinik.ru/about/story_gordon.php,0,200,2,,,0,Yes
30,https://www.frauklinik.ru/about/story_nikiforova.php,0.011767,200,2,,,0,Yes
30,https://www.frauklinik.ru/about/story_yulia_pyatina.php,0,200,2,,,0,Yes
30,https://www.frauklinik.ru/about/story_kseniya_sobchak.php,0,200,2,,,0,Yes
30,https://www.frauklinik.ru/about/story_kozhevnikova.php,0.002677,200,2,,,0,Yes
30,https://www.frauklinik.ru/about/story_bratya_grim.php,2.146065,200,2,,,0,Yes
30,https://www.frauklinik.ru/about/story_borzova.php,2.333039,200,2,,,0,Yes
30,https://www.frauklinik.ru/doctor/nikonov.php,6.0E-6,200,2,,,0,Yes
30,https://www.frauklinik.ru/doctor/davydov_igor_grigorevich.php,2.516075,200,2,,,0,Yes
30,https://www.frauklinik.ru/about/story_evlk_flebologia_naydenov.php,0.02941,200,2,,,0,Yes
30,https://www.frauklinik.ru/doctor/ship_julia.php,0,200,2,,,0,Yes
29,https://www.frauklinik.ru/doctor/f_ali_zade.php,0.004435,200,2,,,0,Yes
29,https://www.frauklinik.ru/doctor/spolohova.php,0,200,2,,,0,Yes
29,https://www.frauklinik.ru/doctor/mamzin.php,0,200,2,,,0,Yes
29,https://www.frauklinik.ru/doctor/brovko.php,1.9E-5,200,2,,,0,Yes
29,https://www.frauklinik.ru/doctor/shaforostova.php,2.5E-5,200,2,,,0,Yes
29,https://www.frauklinik.ru/doctor/kalinina.php,0.796898,200,2,,,0,Yes
29,https://www.frauklinik.ru/doctor/komissarova_nataliya_petrovna.php,0,200,2,,,0,Yes
29,https://www.frauklinik.ru/doctor/kurbanova.php,4.9E-5,200,2,,,0,Yes
29,https://www.frauklinik.ru/doctor/stepanenko_elvira.php,0,200,2,,,0,Yes
29,https://www.frauklinik.ru/doctor/al-hamid.php,0,200,2,,,0,Yes
29,https://www.frauklinik.ru/doctor/zavalko_oksana.php,0,200,2,,,0,Yes
29,https://www.frauklinik.ru/doctor/samborskaya.php,0.000128,200,2,,,0,Yes
29,https://www.frauklinik.ru/doctor/latortsev.php,0,200,2,,,0,Yes
29,https://www.frauklinik.ru/doctor/kostukov.php,0,200,2,,,0,Yes
29,https://www.frauklinik.ru/doctor/kostina.php,0,200,2,,,0,Yes
29,https://www.frauklinik.ru/doctor/kojevnikova.php,0.023238,200,2,,,0,Yes
29,https://www.frauklinik.ru/doctor/daminov.php,3.910861,200,2,,,0,Yes
28,https://www.frauklinik.ru/faq/topic.php?id=7&page=1,0,200,3,,,0,Yes
28,https://www.frauklinik.ru/do_i_posle/hirurgia_stopy.php,0,200,2,,,0,Yes
27,https://www.frauklinik.ru/faq/topic.php?id=6&page=1,0,200,3,,,0,Yes
26,https://www.frauklinik.ru/faq/topic.php?id=5&page=1,0,200,3,,,0,Yes
26,https://www.frauklinik.ru/faq/topic.php?id=3&page=1,0,200,3,,,0,Yes
26,https://www.frauklinik.ru/faq/topic.php?id=4&page=1,0,200,3,,,0,Yes
25,https://www.frauklinik.ru/plasticheskaya-hirurgia/chastie-voprosy-intim-plastic.php,0.000226,200,3,,,0,Yes
25,https://www.frauklinik.ru/faq/topic.php?id=1&page=11,0,200,3,,,0,Yes
25,https://www.frauklinik.ru/price/biorevitalizatsiya_tseny.php,0,200,3,,,0,Yes
25,https://www.frauklinik.ru/plasticheskaya-hirurgia/chastie-voprosy-mammo-plastic.php,1.487259,200,3,,,0,Yes
25,https://www.frauklinik.ru/faq/topic.php?id=1&page=10,1.0E-6,200,3,,,0,Yes
25,https://www.frauklinik.ru/about/article_problemy_posle_rodov.php,1.0E-6,200,2,,,0,Yes
25,https://www.frauklinik.ru/faq/topic.php?id=1&page=9,0,200,3,,,0,Yes
25,https://www.frauklinik.ru/faq/topic.php?id=1&page=8,0,200,3,,,0,Yes
25,https://www.frauklinik.ru/faq/topic.php?id=1&page=7,0,200,3,,,0,Yes
25,https://www.frauklinik.ru/price/mezoterapiya_tseny.php,0,200,3,,,0,Yes
24,https://www.frauklinik.ru/faq/topic.php?id=1&page=6,0.031401,200,3,,,0,Yes
24,https://www.frauklinik.ru/price/konturnaya_plastika_tseny.php,0.627821,200,3,,,0,Yes
24,https://www.frauklinik.ru/price/lazernaya_shlifovka_tseny.php,0,200,3,,,0,Yes
24,https://www.frauklinik.ru/cosmetologia/lazernoe_omolozhenie.php,0,200,3,,,0,Yes
24,https://www.frauklinik.ru/faq/topic.php?id=1&page=5,0,200,3,,,0,Yes
24,https://www.frauklinik.ru/about/article_breast_cancer_6facts.php,0,200,2,,,0,Yes
24,https://www.frauklinik.ru/faq/topic.php?id=1&page=4,0,200,3,,,0,Yes
24,https://www.frauklinik.ru/price/coolsculpting_tseny.php,0.457525,200,3,,,0,Yes
24,https://www.frauklinik.ru/faq/topic.php?id=1&page=3,0,200,3,,,0,Yes
24,https://www.frauklinik.ru/faq/topic.php?id=1&page=2,0,200,3,,,0,Yes
24,https://www.frauklinik.ru/do_i_posle/contur.php,0,200,3,,,0,Yes
24,https://www.frauklinik.ru/do_i_posle/liposaktsiya.php,0,200,3,,,0,Yes
24,https://www.frauklinik.ru/do_i_posle/coolsculpting.php,0,200,3,,,0,Yes
24,https://www.frauklinik.ru/about/krash-test_dlya_silikona_naskolko_prochna_silikonovaya_grud.php,0.000215,200,2,,,0,Yes
24,https://www.frauklinik.ru/do_i_posle/contur_gub.php,0,200,3,,,0,Yes
24,https://www.frauklinik.ru/price/epilyatsiya.php,0,200,3,,,0,Yes
23,https://www.frauklinik.ru/do_i_posle/lazernaya_shlifovka.php,0,200,3,,,0,Yes
23,https://www.frauklinik.ru/about/article_blohin_interview_portal_eva.php,0.042357,200,2,,,0,Yes
23,https://www.frauklinik.ru/do_i_posle/apparat-vip-line.php,0,200,3,,,0,Yes
23,https://www.frauklinik.ru/do_i_posle/udalenie-novoobr.php,0,200,3,,,0,Yes
23,https://www.frauklinik.ru/do_i_posle/botox.php,0,200,3,,,0,Yes
23,https://www.frauklinik.ru/plasticheskaya-hirurgia/umenschenie-vlagalischa.php,0,200,3,,,0,Yes
23,https://www.frauklinik.ru/faq/topic.php?id=1&page=40,0,200,8,,,0,Yes
23,https://www.frauklinik.ru/price/ulthera_tseny.php,0,200,3,,,0,Yes
23,https://www.frauklinik.ru/faq/topic.php?id=2&page=3,0,200,3,,,0,Yes
23,https://www.frauklinik.ru/faq/topic.php?id=2&page=8,0,200,3,,,0,Yes
23,https://www.frauklinik.ru/faq/topic.php?id=2&page=2,0,200,3,,,0,Yes
23,https://www.frauklinik.ru/faq/topic.php?id=2&page=5,0,200,3,,,0,Yes
23,https://www.frauklinik.ru/faq/topic.php?id=2&page=4,0,200,3,,,0,Yes
23,https://www.frauklinik.ru/faq/topic.php?id=2&page=6,0,200,3,,,0,Yes
23,https://www.frauklinik.ru/faq/topic.php?id=2&page=7,0,200,3,,,0,Yes
23,https://www.frauklinik.ru/faq/topic.php?id=2&page=9,0,200,3,,,0,Yes
23,https://www.frauklinik.ru/faq/topic.php?id=2&page=10,0,200,3,,,0,Yes
23,https://www.frauklinik.ru/faq/topic.php?id=1&page=41,0,200,8,,,0,Yes
23,https://www.frauklinik.ru/about/article_kak_raspoznat_rak_grudi.php,1.2E-5,200,3,,,0,Yes
23,https://www.frauklinik.ru/do_i_posle/endoskopicheskoe_uvelichenie_grudi.php,0,200,3,,,0,Yes
23,https://www.frauklinik.ru/about/video_10_years_4.php,28.235385,200,2,,,0,Yes
23,https://www.frauklinik.ru/about/video_10_years_5.php,10.249529,200,2,,,0,Yes
23,https://www.frauklinik.ru/about/video_10_years_3.php,0.091549,200,2,,,0,Yes
23,https://www.frauklinik.ru/price/vip_line_tseny.php,0,200,3,,,0,Yes
23,https://www.frauklinik.ru/price/lazernaya_kosmetologiya.php,0,200,3,,,0,Yes
23,https://www.frauklinik.ru/price/accent_tseny.php,0,200,3,,,0,Yes
23,https://www.frauklinik.ru/faq/topic.php?id=1&page=42,0,200,9,,,0,Yes
23,https://www.frauklinik.ru/about/article_udal_kostochki_bol_paltsa.php,0.002709,200,3,,,0,Yes
23,https://www.frauklinik.ru/do_i_posle/laser_pigment.php,0,200,3,,,0,Yes
23,https://www.frauklinik.ru/faq/topic.php?id=1&page=43,0,200,9,,,0,Yes
23,https://www.frauklinik.ru/price/preyskurant_kosmetologiya_apparat.php,0,200,4,,,0,Yes
23,https://www.frauklinik.ru/faq/topic.php?id=1&page=44,0,200,9,,,0,Yes
23,https://www.frauklinik.ru/about/article_crisalix_modelling.php,0,200,2,,,0,Yes
23,https://www.frauklinik.ru/faq/topic.php?id=1&page=16,0,200,4,,,0,Yes
23,https://www.frauklinik.ru/faq/topic.php?id=1&page=45,0,200,9,,,0,Yes
23,https://www.frauklinik.ru/about/article_8_questions_tumakov.php,0,200,3,,,0,Yes
23,https://www.frauklinik.ru/faq/topic.php?id=1&page=17,0,200,4,,,0,Yes
23,https://www.frauklinik.ru/faq/topic.php?id=1&page=22,0,200,5,,,0,Yes
23,https://www.frauklinik.ru/faq/topic.php?id=1&page=21,0,200,5,,,0,Yes
23,https://www.frauklinik.ru/faq/topic.php?id=1&page=23,0,200,5,,,0,Yes
23,https://www.frauklinik.ru/faq/topic.php?id=1&page=25,0,200,6,,,0,Yes
23,https://www.frauklinik.ru/faq/topic.php?id=1&page=26,0,200,6,,,0,Yes
23,https://www.frauklinik.ru/faq/topic.php?id=1&page=24,0,200,6,,,0,Yes
23,https://www.frauklinik.ru/faq/topic.php?id=1&page=27,0,200,6,,,0,Yes
23,https://www.frauklinik.ru/faq/topic.php?id=1&page=28,0,200,6,,,0,Yes
23,https://www.frauklinik.ru/faq/topic.php?id=1&page=29,0,200,6,,,0,Yes
23,https://www.frauklinik.ru/faq/topic.php?id=1&page=35,0,200,7,,,0,Yes
23,https://www.frauklinik.ru/faq/topic.php?id=1&page=30,0,200,7,,,0,Yes
23,https://www.frauklinik.ru/faq/topic.php?id=1&page=20,0,200,5,,,0,Yes
23,https://www.frauklinik.ru/faq/topic.php?id=1&page=31,0,200,7,,,0,Yes
23,https://www.frauklinik.ru/faq/topic.php?id=1&page=19,0,200,5,,,0,Yes
23,https://www.frauklinik.ru/about/article_kista_yaich_profilakt_lechen_onkoriski.php,8.0E-6,200,3,,,0,Yes
23,https://www.frauklinik.ru/faq/topic.php?id=1&page=34,0,200,7,,,0,Yes
23,https://www.frauklinik.ru/faq/topic.php?id=1&page=32,0,200,7,,,0,Yes
23,https://www.frauklinik.ru/faq/topic.php?id=1&page=18,0,200,5,,,0,Yes
23,https://www.frauklinik.ru/faq/topic.php?id=1&page=33,0,200,7,,,0,Yes
23,https://www.frauklinik.ru/faq/topic.php?id=1&page=15,0,200,4,,,0,Yes
23,https://www.frauklinik.ru/faq/topic.php?id=1&page=46,0,200,9,,,0,Yes
23,https://www.frauklinik.ru/about/article_vsya_pravda_uvelicheniie_grudi.php,0,200,2,,,0,Yes
23,https://www.frauklinik.ru/about/article_oleg_badak_masha_fort_questions.php,0,200,2,,,0,Yes
23,https://www.frauklinik.ru/plasticheskaya-hirurgia/pered_mammoplastikoy.php,0,200,3,,,0,Yes
23,https://www.frauklinik.ru/about/article_kostochka_na_noge.php,0,200,3,,,0,Yes
23,https://www.frauklinik.ru/faq/topic.php?id=1&page=36,0,200,8,,,0,Yes
23,https://www.frauklinik.ru/do_i_posle/laser.php,0,200,3,,,0,Yes
23,https://www.frauklinik.ru/about/article_image_plasty_solomon.php,0,200,2,,,0,Yes
23,https://www.frauklinik.ru/about/article_miradry.php,0,200,3,,,0,Yes
23,https://www.frauklinik.ru/faq/topic.php?id=1&page=14,0,200,4,,,0,Yes
23,https://www.frauklinik.ru/about/article_obraz_na_zakaz_abramyan.php,0.783172,200,2,,,0,Yes
23,https://www.frauklinik.ru/faq/topic.php?id=1&page=47,0,200,9,,,0,Yes
23,https://www.frauklinik.ru/about/article_anesteziya_v_plast_hir.php,0,200,3,,,0,Yes
23,https://www.frauklinik.ru/faq/topic.php?id=1&page=37,0,200,8,,,0,Yes
23,https://www.frauklinik.ru/about/article_kak_opredelit_bila_li_plastika.php,0,200,2,,,0,Yes
23,https://www.frauklinik.ru/news/134/,0,200,3,,,0,Yes
23,https://www.frauklinik.ru/faq/topic.php?id=1&page=13,0,200,4,,,0,Yes
23,https://www.frauklinik.ru/about/video_perezagruzka_archive.php,0.00476,200,2,,,0,Yes
23,https://www.frauklinik.ru/do_i_posle/massazh_lipomodel.php,0,200,3,,,0,Yes
23,https://www.frauklinik.ru/faq/topic.php?id=1&page=50,0,200,10,,,0,Yes
23,https://www.frauklinik.ru/faq/topic.php?id=1&page=48,0,200,10,,,0,Yes
23,https://www.frauklinik.ru/faq/topic.php?id=1&page=49,0,200,10,,,0,Yes
23,https://www.frauklinik.ru/faq/topic.php?id=1&page=51,0,200,10,,,0,Yes
23,https://www.frauklinik.ru/faq/topic.php?id=1&page=38,0,200,8,,,0,Yes
22,https://www.frauklinik.ru/about/article_plastika_letom.php,0,200,2,,,0,Yes
22,https://www.frauklinik.ru/faq/topic.php?id=1&page=12,0,200,4,,,0,Yes
22,https://www.frauklinik.ru/about/article_coolsculpting_lekomceva.php,0,200,3,,,0,Yes
22,https://www.frauklinik.ru/about/article_lekomceva_lipolitiki.php,5.5E-5,200,3,,,0,Yes
22,https://www.frauklinik.ru/about/article_rodinki_belyanina.php,0,200,3,,,0,Yes
22,https://www.frauklinik.ru/about/article_kovarnaya_rodinka_belyanina.php,0.555926,200,3,,,0,Yes
22,https://www.frauklinik.ru/about/article_elena_belyanina_rodinki.php,0,200,3,,,0,Yes
22,https://www.frauklinik.ru/faq/topic.php?id=1&page=39,0,200,8,,,0,Yes
22,https://www.frauklinik.ru/price/preyskurant_kosmetologiya_inyek.php,0,200,4,,,0,Yes
22,https://www.frauklinik.ru/do_i_posle/laser-correk-sosudov.php,0,200,3,,,0,Yes
22,https://www.frauklinik.ru/about/article_pahovaya_gryja.php,3.6E-5,200,3,,,0,Yes
22,https://www.frauklinik.ru/about/article_nederj_mochi_davidov.php,0,200,3,,,0,Yes
22,https://www.frauklinik.ru/faq/topic.php?id=7&page=2,0,200,3,,,0,Yes
22,https://www.frauklinik.ru/faq/topic.php?id=7&page=3,0,200,3,,,0,Yes
22,https://www.frauklinik.ru/faq/topic.php?id=6&page=2,0,200,3,,,0,Yes
22,https://www.frauklinik.ru/price/epilyatsiya_diod.php,0,200,3,,,0,Yes
22,https://www.frauklinik.ru/faq/topic.php?id=5&page=2,0,200,3,,,0,Yes
22,https://www.frauklinik.ru/faq/topic.php?id=3&page=2,0,200,3,,,0,Yes
22,https://www.frauklinik.ru/faq/answer.php?id=578,0,200,3,,,0,Yes
22,https://www.frauklinik.ru/faq/answer.php?id=347,0,200,3,,,0,Yes
22,https://www.frauklinik.ru/faq/answer.php?id=346,0,200,3,,,0,Yes
22,https://www.frauklinik.ru/faq/answer.php?id=178553,0,200,3,,,0,Yes
22,https://www.frauklinik.ru/news/motiva_march2018.php,0,200,3,,,0,Yes
22,https://www.frauklinik.ru/faq/topic.php?id=4&page=2,0,200,3,,,0,Yes
22,https://www.frauklinik.ru/doctor/kondratiev_expert_smi.php,0,200,2,,,0,Yes
22,https://www.frauklinik.ru/about/article_kalinina_elena.php,8.0E-5,200,3,,,0,Yes
22,https://www.frauklinik.ru/news/wulf_veb2018.php,0,200,3,,,0,Yes
22,https://www.frauklinik.ru/news/tecrus_abram_jan2018.php,0,200,3,,,0,Yes
22,https://www.frauklinik.ru/news/model_veb2018.php,0,200,3,,,0,Yes
22,https://www.frauklinik.ru/news/model_lipo_jan2018.php,0,200,3,,,0,Yes
22,https://www.frauklinik.ru/news/model_jan2018.php,0,200,3,,,0,Yes
22,https://www.frauklinik.ru/news/m_class_bloh_march2018.php,0,200,3,,,0,Yes
22,https://www.frauklinik.ru/news/starhit_kopas_may2017.php,0,200,3,,,0,Yes
22,https://www.frauklinik.ru/news/pobeda_may2017.php,0,200,3,,,0,Yes
22,https://www.frauklinik.ru/news/perezagruzka_may2017.php,0,200,3,,,0,Yes
22,https://www.frauklinik.ru/news/facelift_jul2017.php,0,200,3,,,0,Yes
22,https://www.frauklinik.ru/news/cancer_jul2017.php,0,200,3,,,0,Yes
22,https://www.frauklinik.ru/news/bloh_apr2017.php,0,200,3,,,0,Yes
22,https://www.frauklinik.ru/news/viniry_oct2017.php,0,200,3,,,0,Yes
22,https://www.frauklinik.ru/news/stom_sept2017.php,0,200,3,,,0,Yes
22,https://www.frauklinik.ru/news/m_class_bloh_oct2017.php,0,200,3,,,0,Yes
22,https://www.frauklinik.ru/news/labio_oct2017.php,0,200,3,,,0,Yes
22,https://www.frauklinik.ru/news/facelift_oct2017.php,0,200,3,,,0,Yes
22,https://www.frauklinik.ru/news/egorova_sept2017.php,0,200,3,,,0,Yes
22,https://www.frauklinik.ru/news/viniry_apr2018.php,0,200,3,,,0,Yes
22,https://www.frauklinik.ru/news/m_class_bloh_kop_march2018.php,0,200,3,,,0,Yes
22,https://www.frauklinik.ru/news/8march2018.php,0,200,3,,,0,Yes
22,https://www.frauklinik.ru/news/23veb2018.php,0,200,3,,,0,Yes
22,https://www.frauklinik.ru/news/new_clinic_in_lefortovo.php,0,200,3,,,0,Yes
22,https://www.frauklinik.ru/news/wulf_jul2017.php,0,200,3,,,0,Yes
22,https://www.frauklinik.ru/news/ulthera_jul2017.php,0,200,3,,,0,Yes
22,https://www.frauklinik.ru/news/karpov_jul2017.php,0,200,3,,,0,Yes
22,https://www.frauklinik.ru/news/congress_jul2017.php,0,200,3,,,0,Yes
22,https://www.frauklinik.ru/news/casting_jul2017.php,0,200,3,,,0,Yes
22,https://www.frauklinik.ru/news/cancer_kopas_jul2017.php,0,200,3,,,0,Yes
22,https://www.frauklinik.ru/news/m_class_kopasov_6_july_2018.php,0,200,3,,,0,Yes
22,https://www.frauklinik.ru/news/shaf_oct2017.php,0,200,3,,,0,Yes
22,https://www.frauklinik.ru/news/rino_abram_dec2017.php,0,200,3,,,0,Yes
22,https://www.frauklinik.ru/news/portnoj_nov2017.php,0,200,3,,,0,Yes
22,https://www.frauklinik.ru/news/ny2018.php,0,200,3,,,0,Yes
22,https://www.frauklinik.ru/news/motiva_nov2017.php,0,200,3,,,0,Yes
22,https://www.frauklinik.ru/news/frau1_dec2017.php,0,200,3,,,0,Yes
22,https://www.frauklinik.ru/news/viniry_aug2017.php,0,200,3,,,0,Yes
22,https://www.frauklinik.ru/news/vacancy_aug2017.php,0,200,3,,,0,Yes
22,https://www.frauklinik.ru/news/model_grud_aug2017.php,0,200,3,,,0,Yes
22,https://www.frauklinik.ru/news/kopas_cosmo_aug2017.php,0,200,3,,,0,Yes
22,https://www.frauklinik.ru/news/kasting_sept2017.php,0,200,3,,,0,Yes
22,https://www.frauklinik.ru/news/endo_grud_aug2017.php,0,200,3,,,0,Yes
22,https://www.frauklinik.ru/about/interview_sergey_blohin.php,0,200,3,,,0,Yes
22,https://www.frauklinik.ru/about/interview_nadezhda_vishypanova.php,0,200,3,,,0,Yes
22,https://www.frauklinik.ru/about/article_complex_operations_project10let.php,0,200,3,,,0,Yes
22,https://www.frauklinik.ru/about/article_blohin_vish_pamella.php,0.042128,200,3,,,0,Yes
22,https://www.frauklinik.ru/about/article_allotransplant.php,4.380867,200,3,,,0,Yes
22,https://www.frauklinik.ru/about/article_ulyana_spolokhova.php,0,200,3,,,0,Yes
22,https://www.frauklinik.ru/about/article_top9_cosmet_procedures_spring.php,0,200,3,,,0,Yes
22,https://www.frauklinik.ru/about/interview_tatyana_podolskaya.php,2.4E-5,200,3,,,0,Yes
22,https://www.frauklinik.ru/about/article_blohin_vish_zelveger.php,1.1E-5,200,3,,,0,Yes
22,https://www.frauklinik.ru/about/article_blohin_angelina.php,2.04576,200,3,,,0,Yes
22,https://www.frauklinik.ru/about/article_blohin_vish_sheron.php,0,200,3,,,0,Yes
22,https://www.frauklinik.ru/about/article_blohin_transform_kidman.php,2.1E-5,200,3,,,0,Yes
22,https://www.frauklinik.ru/about/article_blohin_kim_kardashyan.php,0,200,3,,,0,Yes
22,https://www.frauklinik.ru/about/article_vish_minko_ronaldu.php,0.000118,200,3,,,0,Yes
22,https://www.frauklinik.ru/about/article_plast_hir_wife.php,29.913822,200,3,,,0,Yes
22,https://www.frauklinik.ru/about/article_serg_blohin_about_bondarchuk_gurchenko.php,0,200,3,,,0,Yes
22,https://www.frauklinik.ru/about/article_kak_opredelit_nastoyash_grud.php,83.792089,200,3,,,0,Yes
22,https://www.frauklinik.ru/about/article_kim_basinger.php,0.945928,200,3,,,0,Yes
22,https://www.frauklinik.ru/about/article_julia_nachalova.php,0,200,3,,,0,Yes
22,https://www.frauklinik.ru/about/article_dana_borisova.php,0.832358,200,3,,,0,Yes
22,https://www.frauklinik.ru/news/wulf_march2017.php,0,200,3,,,0,Yes
22,https://www.frauklinik.ru/news/oper_bloh_march2017.php,0,200,3,,,0,Yes
22,https://www.frauklinik.ru/news/newyear_dec2016.php,0,200,3,,,0,Yes
22,https://www.frauklinik.ru/news/microrhino_veb2017.php,0,200,3,,,0,Yes
22,https://www.frauklinik.ru/news/microrhino_march2017.php,0,200,3,,,0,Yes
22,https://www.frauklinik.ru/news/microrhino_apr2017.php,0,200,3,,,0,Yes
22,https://www.frauklinik.ru/news/masterclass_bloh_march2017.php,0,200,3,,,0,Yes
22,https://www.frauklinik.ru/news/lipofil_veb2017.php,0,200,3,,,0,Yes
22,https://www.frauklinik.ru/news/free_mammo_march2017.php,0,200,3,,,0,Yes
22,https://www.frauklinik.ru/news/facelift_veb2017.php,0,200,3,,,0,Yes
22,https://www.frauklinik.ru/news/cancer_apr2017.php,0,200,3,,,0,Yes
22,https://www.frauklinik.ru/news/bloh_march2017.php,0,200,3,,,0,Yes
22,https://www.frauklinik.ru/news/8march2017.php,0,200,3,,,0,Yes
22,https://www.frauklinik.ru/news/23veb2017.php,0,200,3,,,0,Yes
22,https://www.frauklinik.ru/news/doctor/blohin.php,0,200,4,,,0,Yes
22,https://www.frauklinik.ru/news/84/,0,200,4,,,0,Yes
22,https://www.frauklinik.ru/faq/answer.php?id=345,0,200,4,,,0,Yes
22,https://www.frauklinik.ru/faq/answer.php?id=344,0,200,4,,,0,Yes
22,https://www.frauklinik.ru/faq/answer.php?id=343,0,200,4,,,0,Yes
22,https://www.frauklinik.ru/faq/answer.php?id=342,0,200,4,,,0,Yes
22,https://www.frauklinik.ru/faq/answer.php?id=341,0,200,4,,,0,Yes
22,https://www.frauklinik.ru/faq/answer.php?id=24,0,200,4,,,0,Yes
22,https://www.frauklinik.ru/faq/answer.php?id=19,0,200,4,,,0,Yes
22,https://www.frauklinik.ru/faq/answer.php?id=18,0,200,4,,,0,Yes
22,https://www.frauklinik.ru/faq/answer.php?id=162,0,200,4,,,0,Yes
22,https://www.frauklinik.ru/faq/answer.php?id=16,0,200,4,,,0,Yes
22,https://www.frauklinik.ru/faq/answer.php?id=15,0,200,4,,,0,Yes
22,https://www.frauklinik.ru/faq/answer.php?id=21,0,200,11,,,0,Yes
22,https://www.frauklinik.ru/faq/answer.php?id=739,0,200,4,,,0,Yes
22,https://www.frauklinik.ru/faq/answer.php?id=732,0,200,4,,,0,Yes
22,https://www.frauklinik.ru/faq/answer.php?id=721,0,200,4,,,0,Yes
22,https://www.frauklinik.ru/faq/answer.php?id=639,0,200,4,,,0,Yes
22,https://www.frauklinik.ru/faq/answer.php?id=582,0,200,4,,,0,Yes
22,https://www.frauklinik.ru/faq/answer.php?id=556,0,200,4,,,0,Yes
22,https://www.frauklinik.ru/faq/answer.php?id=555,0,200,4,,,0,Yes
22,https://www.frauklinik.ru/faq/answer.php?id=529,0,200,4,,,0,Yes
22,https://www.frauklinik.ru/faq/answer.php?id=376,0,200,4,,,0,Yes
22,https://www.frauklinik.ru/faq/answer.php?id=321,0,200,4,,,0,Yes
22,https://www.frauklinik.ru/faq/answer.php?id=178565,0,200,9,,,0,Yes
22,https://www.frauklinik.ru/faq/answer.php?id=777,0,200,10,,,0,Yes
22,https://www.frauklinik.ru/faq/answer.php?id=747,0,200,10,,,0,Yes
22,https://www.frauklinik.ru/faq/answer.php?id=741,0,200,10,,,0,Yes
22,https://www.frauklinik.ru/faq/answer.php?id=725,0,200,10,,,0,Yes
22,https://www.frauklinik.ru/faq/answer.php?id=720,0,200,10,,,0,Yes
22,https://www.frauklinik.ru/faq/answer.php?id=718,0,200,10,,,0,Yes
22,https://www.frauklinik.ru/faq/answer.php?id=714,0,200,10,,,0,Yes
22,https://www.frauklinik.ru/faq/answer.php?id=697,0,200,10,,,0,Yes
22,https://www.frauklinik.ru/faq/answer.php?id=652,0,200,10,,,0,Yes
22,https://www.frauklinik.ru/faq/answer.php?id=649,0,200,10,,,0,Yes
22,https://www.frauklinik.ru/faq/answer.php?id=648,0,200,10,,,0,Yes
22,https://www.frauklinik.ru/faq/answer.php?id=643,0,200,10,,,0,Yes
22,https://www.frauklinik.ru/faq/answer.php?id=633,0,200,10,,,0,Yes
22,https://www.frauklinik.ru/faq/answer.php?id=627,0,200,10,,,0,Yes
22,https://www.frauklinik.ru/faq/answer.php?id=613,0,200,10,,,0,Yes
22,https://www.frauklinik.ru/faq/answer.php?id=602,0,200,10,,,0,Yes
22,https://www.frauklinik.ru/faq/answer.php?id=598,0,200,10,,,0,Yes
22,https://www.frauklinik.ru/faq/answer.php?id=564,0,200,10,,,0,Yes
22,https://www.frauklinik.ru/faq/answer.php?id=553,0,200,10,,,0,Yes
22,https://www.frauklinik.ru/faq/answer.php?id=551,0,200,10,,,0,Yes
22,https://www.frauklinik.ru/faq/answer.php?id=548,0,200,10,,,0,Yes
22,https://www.frauklinik.ru/faq/answer.php?id=547,0,200,10,,,0,Yes
22,https://www.frauklinik.ru/faq/answer.php?id=454,0,200,10,,,0,Yes
22,https://www.frauklinik.ru/faq/answer.php?id=451,0,200,10,,,0,Yes
22,https://www.frauklinik.ru/faq/answer.php?id=447,0,200,10,,,0,Yes
22,https://www.frauklinik.ru/faq/answer.php?id=445,0,200,10,,,0,Yes
22,https://www.frauklinik.ru/faq/answer.php?id=437,0,200,10,,,0,Yes
22,https://www.frauklinik.ru/faq/answer.php?id=386,0,200,10,,,0,Yes
22,https://www.frauklinik.ru/faq/answer.php?id=385,0,200,10,,,0,Yes
22,https://www.frauklinik.ru/faq/answer.php?id=384,0,200,10,,,0,Yes
22,https://www.frauklinik.ru/faq/answer.php?id=383,0,200,10,,,0,Yes
22,https://www.frauklinik.ru/faq/answer.php?id=381,0,200,10,,,0,Yes
22,https://www.frauklinik.ru/faq/answer.php?id=371,0,200,10,,,0,Yes
22,https://www.frauklinik.ru/faq/answer.php?id=370,0,200,10,,,0,Yes
22,https://www.frauklinik.ru/faq/answer.php?id=358,0,200,10,,,0,Yes
22,https://www.frauklinik.ru/faq/answer.php?id=351,0,200,10,,,0,Yes
22,https://www.frauklinik.ru/faq/answer.php?id=348,0,200,10,,,0,Yes
22,https://www.frauklinik.ru/faq/answer.php?id=317,0,200,10,,,0,Yes
22,https://www.frauklinik.ru/faq/answer.php?id=310,0,200,10,,,0,Yes
22,https://www.frauklinik.ru/faq/answer.php?id=283,0,200,10,,,0,Yes
22,https://www.frauklinik.ru/faq/answer.php?id=277,0,200,10,,,0,Yes
22,https://www.frauklinik.ru/faq/answer.php?id=275,0,200,10,,,0,Yes
22,https://www.frauklinik.ru/faq/answer.php?id=247,0,200,10,,,0,Yes
22,https://www.frauklinik.ru/faq/answer.php?id=245,0,200,10,,,0,Yes
22,https://www.frauklinik.ru/faq/answer.php?id=244,0,200,10,,,0,Yes
22,https://www.frauklinik.ru/faq/answer.php?id=234,0,200,10,,,0,Yes
22,https://www.frauklinik.ru/faq/answer.php?id=229,0,200,10,,,0,Yes
22,https://www.frauklinik.ru/faq/answer.php?id=194,0,200,10,,,0,Yes
22,https://www.frauklinik.ru/faq/answer.php?id=157,0,200,10,,,0,Yes
22,https://www.frauklinik.ru/faq/answer.php?id=98,0,200,11,,,0,Yes
22,https://www.frauklinik.ru/faq/answer.php?id=80,0,200,11,,,0,Yes
22,https://www.frauklinik.ru/faq/answer.php?id=78,0,200,11,,,0,Yes
22,https://www.frauklinik.ru/faq/answer.php?id=75,0,200,11,,,0,Yes
22,https://www.frauklinik.ru/faq/answer.php?id=104,0,200,11,,,0,Yes
22,https://www.frauklinik.ru/faq/answer.php?id=141,0,200,11,,,0,Yes
22,https://www.frauklinik.ru/faq/answer.php?id=132,0,200,11,,,0,Yes
22,https://www.frauklinik.ru/faq/answer.php?id=131,0,200,11,,,0,Yes
22,https://www.frauklinik.ru/faq/answer.php?id=178702,0,200,9,,,0,Yes
22,https://www.frauklinik.ru/faq/answer.php?id=178699,0,200,9,,,0,Yes
22,https://www.frauklinik.ru/faq/answer.php?id=65,0,200,11,,,0,Yes
22,https://www.frauklinik.ru/faq/answer.php?id=59,0,200,11,,,0,Yes
22,https://www.frauklinik.ru/faq/answer.php?id=57,0,200,11,,,0,Yes
